-- phpMyAdmin SQL Dump
-- version 5.2.1
-- https://www.phpmyadmin.net/
--
-- 主機： 127.0.0.1
-- 產生時間： 2025-02-21 09:53:34
-- 伺服器版本： 10.4.32-MariaDB
-- PHP 版本： 8.0.30

SET SQL_MODE = "NO_AUTO_VALUE_ON_ZERO";
START TRANSACTION;
SET time_zone = "+00:00";


/*!40101 SET @OLD_CHARACTER_SET_CLIENT=@@CHARACTER_SET_CLIENT */;
/*!40101 SET @OLD_CHARACTER_SET_RESULTS=@@CHARACTER_SET_RESULTS */;
/*!40101 SET @OLD_COLLATION_CONNECTION=@@COLLATION_CONNECTION */;
/*!40101 SET NAMES utf8mb4 */;

--
-- 資料庫： `my_project_db`
--

-- --------------------------------------------------------

--
-- 資料表結構 `activity`
--

CREATE TABLE `activity` (
  `id` int(10) UNSIGNED NOT NULL,
  `name` varchar(150) NOT NULL,
  `activity_city_id` int(10) UNSIGNED DEFAULT NULL,
  `introduction` text NOT NULL,
  `description` text NOT NULL,
  `journey` text DEFAULT NULL,
  `meeting_point` text DEFAULT NULL,
  `duration` varchar(255) DEFAULT NULL,
  `language` varchar(255) DEFAULT NULL,
  `type` int(11) NOT NULL COMMENT '1.浮潛\r\n2.水肺潛水\r\n3.自由潛水\r\n4.其他',
  `price` int(11) NOT NULL
) ENGINE=InnoDB DEFAULT CHARSET=utf8mb4 COLLATE=utf8mb4_unicode_ci;

--
-- 傾印資料表的資料 `activity`
--

INSERT INTO `activity` (`id`, `name`, `activity_city_id`, `introduction`, `description`, `journey`, `meeting_point`, `duration`, `language`, `type`, `price`) VALUES
(1, '日本・沖繩｜輕鬆坐船去青洞浮潛・體驗潛水｜全中文服務｜當天無追加費用', 10, '世界唯二的青洞，僅在沖繩和義大利。\r\n享受神秘的藍光，強烈推薦 輕鬆搭船去青洞浮潛、體驗潛水。\r\n青洞是有名的景點，從岸邊下水要走 100 階的階梯! 當旺季時期中間路段的階梯會塞車，光 是穿著潛水衣跟救生衣排隊停留 10 分鐘就已經很累。\r\n☆ 搭船去青洞超輕鬆～\r\n好處 1，不用從岸邊走著陡峭 100 階的階梯，從崎嶇的礁岩處入水。\r\n好處 2，不用穿著不習慣的潛水衣等候，也不用揹著 20 公斤重的潛水器材。\r\n費用公開透明，除了所有必要器材以外、照片、影片、乘船費用、有度數的面鏡、停車場、 溫水沖洗等等，全都免費！ \r\n當天絕不會有額外費用產生。例如:照片是免費的，但影片要另外付 3000 日圓、坐船的話 要付 1000 日圓、使用度數面鏡要付 100 日圓...等等。 \r\n採取少數教學，浮潛最多八位學員，體驗潛水為一對二教學，專業教練可隨時掌握所有參加 朋友的狀況。\r\n全程中文服務，不用擔心語言不通的問題。', '來到沖繩，千萬不可以錯過可以在沖繩美麗的大海體驗浮潛或潛水！輕鬆搭乘船隻出發前往青洞，全程中文教學及服務，專業證照教練一對二精緻教學，無須擔心語言障礙，新手也能輕易上手，無憂無慮暢遊沖繩海岸。欣賞青洞蔚藍藍光、與沖繩熱帶魚群尼莫玩樂共游，並於清澈大海中留下獨一無二的照片回憶錄。', '第1天\r\n於黑潮潛水集合\r\n輕鬆搭船去青洞，活動結束還是精力充沛，繼續下個行程 GO～\r\n湛藍的藍光配上蔚藍海水\r\n小小尼莫悠游自在\r\n令人驚豔讚嘆的海底世界\r\n青洞潛水、浮潛結束，來把尼莫們餵飽飽的吧\r\n照片張數無限制，當天領取不用等～\r\n結束時提供淋浴及更衣室、還有免費吹風機可以使用喔', NULL, '2小時', '中文', 1, 1420),
(2, '日本・沖繩｜青洞潛水、浮潛體驗｜青之洞窟屋｜多語教練', 10, '沖繩旅遊必備行程，一探夢幻藍光景色\r\n中英日三國語言對應，不會日文也能輕鬆在沖繩體驗潛水\r\n專業潛水教練全程陪同，還提供免費拍攝服務、水中餵魚體驗', '出發時間：\r\n【7月-9月】7:00/8:30/10:30/12:30/14:30/16:30\r\n【10月-6月】8:30/10:30/12:30/14:30\r\n行程長度：約 2.5 小時\r\n自備項目：乾淨衣物、浴巾、泳衣\r\n青洞座落於沖繩本島恩納村的「真榮田岬」，是一個位於海中的洞窟，因受到射入洞窟內的陽光影響，洞窟內的水中與水面閃耀著神祕的藍光，是沖繩廣受歡迎的景點之一。當你越往洞窟裡前進光線會越弱，像在黑暗中前進一般，十分的神秘。\r\n潛水和浮潛都有包含水下拍照的服務。\r\n免費贈送20張照片，如需加購照片(約拍80張)。\r\n1～4人 一個人是1500日幣， 5人以上 一個人是1000日幣。\r\n如需加購拍攝影片，需要多加3000日幣。\r\n詳情請洽現場工作人員。 \r\n付款方式：當天集合時以現金付款。', '第1天\r\n換裝、講解\r\n潛水／浮潛體驗（約 30 - 40 分）\r\n潛水／浮潛體驗（約 30 - 40 分）\r\n一探青之洞窟的美麗\r\n還有免費拍照服務(20張)\r\n體驗行程結束', NULL, '2.5小時', 'English/中文/日本語', 1, 710),
(3, '小琉球潛水浮潛體驗｜花瓶岩＆龍蝦洞＆美人洞（三擇一）海龜共游', 7, '全程由專業的教練帶領，不會游泳也可以下水與魚兒同樂，無須擔心\n老幼皆宜的浮潛體驗，可以帶着年長者和小朋友同樂\n悠遊的欣賞海底美麗生態，幸運的話還有機會與海龜共游\n提供水中拍照服務，且不限張數，通通可以讓您帶回家', '小琉球擁有得天獨厚的自然景觀、清澈海水、豐富海洋生態為唯一鄰近台灣的藍色珊瑚礁島，認識小琉球海洋最好的方式就是透過浮潛，近距離地觀看魚群、海龜等海洋生物。\n於集合地點報到，更換浮潛的服裝及裝備 ( 水母衣、防滑鞋、面鏡、呼吸管、救生衣 )\n換裝後，騎車到活動的海域，於岸邊先做說明和動作講解\n講解結束，將進行浮潛活動與海洋生物近距離接觸\n浮潛完，回岸邊休息拍照\n回潛水店沖洗並換裝', '第1天\n 當天餐點： 早餐\n填寫浮潛報名表\n\n填寫切結書\n\n實際下水體驗浮潛之樂趣\n\n與花瓶岩合影\n\n老少咸宜的體驗活動\n\n面鏡及呼吸管如何使用之教學\n\n繽紛的海底世界\n\n最期待的就是目睹這一瞬間\n\n小朋友也可以玩得很開心\n\n海龜看飽看滿\n\n大圈小圈畫個圓\n\n遇見海龜\n\n留下浮潛美好的回憶\n', NULL, '2小時', 'English/中文', 1, 330),
(4, '菲律賓長灘島｜水肺潛水入門課程', 13, '客製化的小團學習潛水課程，讓您輕鬆學會水肺潛水的基礎\r\n和專業的水肺潛水指導員一同探索海底世界\r\n贈送錄影服務，為你的潛水經驗留下特別的紀念', '透過多次得獎的觀光業者的規劃，您便可以在長灘島參與水肺潛水的體驗！在小班學習水肺潛水的基礎知識，並藉由好玩又豐富的水中活動探索長灘島的各種海洋生物。\n讓您的專業潛水教練捕捉您水肺潛水之旅的每一刻，讓您可以透過照片和影片重溫您的體驗。最重要的是，在長灘島享受潛水，價格實惠又親民！', '第1天\r\n09:00\r\n在集合地點展開長灘島的水肺潛水冒險！\r\n10:00\r\n聆聽安全須知，由專業教練指導如何使用設備\r\n在長灘島與魚群共泳\r\n在水肺潛水體驗中探索豐富的海洋生物\r\n與親朋好友一起潛水，讓您的假期更值得紀念\r\n10:30\r\n下潛深度加深，練習您的水肺潛水技巧\r\n11:30\r\n返回潛水中心', NULL, '3小時', 'English/中文/ 한국어/廣東話', 2, 1416);

-- --------------------------------------------------------

--
-- 資料表結構 `activity_city`
--

CREATE TABLE `activity_city` (
  `id` int(10) UNSIGNED NOT NULL,
  `name` varchar(100) NOT NULL,
  `activity_country_id` int(10) UNSIGNED DEFAULT NULL
) ENGINE=InnoDB DEFAULT CHARSET=utf8mb4 COLLATE=utf8mb4_unicode_ci;

--
-- 傾印資料表的資料 `activity_city`
--

INSERT INTO `activity_city` (`id`, `name`, `activity_country_id`) VALUES
(1, '屏東', 1),
(2, '台東', 1),
(3, '澎湖', 1),
(4, '綠島', 1),
(5, '蘭嶼', 1),
(7, '小琉球', 1),
(8, '其他', 1),
(10, '沖繩', 2),
(11, '石垣島', 2),
(12, '其他', 2),
(13, '長灘島', 3),
(14, '宿霧', 3),
(15, '薄荷島', 3),
(16, '其他', 3),
(17, '其他', 4);

-- --------------------------------------------------------

--
-- 資料表結構 `activity_country`
--

CREATE TABLE `activity_country` (
  `id` int(10) UNSIGNED NOT NULL,
  `name` varchar(100) NOT NULL
) ENGINE=InnoDB DEFAULT CHARSET=utf8mb4 COLLATE=utf8mb4_unicode_ci;

--
-- 傾印資料表的資料 `activity_country`
--

INSERT INTO `activity_country` (`id`, `name`) VALUES
(1, '台灣'),
(2, '日本'),
(3, '菲律賓'),
(4, '其他');

-- --------------------------------------------------------

--
-- 資料表結構 `activity_image`
--

CREATE TABLE `activity_image` (
  `id` int(10) UNSIGNED NOT NULL,
  `activity_id` int(11) NOT NULL,
  `name` varchar(150) NOT NULL,
  `img_url` varchar(255) DEFAULT NULL,
  `is_main` tinyint(1) NOT NULL DEFAULT 0 COMMENT '0: 非主圖, 1: 是主圖'
) ENGINE=InnoDB DEFAULT CHARSET=utf8mb4 COLLATE=utf8mb4_unicode_ci;

--
-- 傾印資料表的資料 `activity_image`
--

INSERT INTO `activity_image` (`id`, `activity_id`, `name`, `img_url`, `is_main`) VALUES
(30, 3, '小琉球熊潛水浮潛體驗｜花瓶岩＆龍蝦洞＆美人洞（三擇一）海龜共游', 'jpg (3).webp', 1),
(31, 3, '小琉球熊潛水浮潛體驗｜花瓶岩＆龍蝦洞＆美人洞（三擇一）海龜共游 (非主圖)', 'jpg.jpg', 0),
(32, 3, '小琉球熊潛水浮潛體驗｜花瓶岩＆龍蝦洞＆美人洞（三擇一）海龜共游 (非主圖)', 'jpg.webp', 0),
(33, 3, '小琉球熊潛水浮潛體驗｜花瓶岩＆龍蝦洞＆美人洞（三擇一）海龜共游 (非主圖)', 'jpg (1).webp', 0),
(34, 3, '小琉球熊潛水浮潛體驗｜花瓶岩＆龍蝦洞＆美人洞（三擇一）海龜共游 (非主圖)', 'jpg (2).webp', 0),
(43, 4, '菲律賓長灘島｜水肺潛水入門課程 (主圖)', 'jpg.webp', 1),
(44, 4, '菲律賓長灘島｜水肺潛水入門課程', 'jpg (1).webp', 0),
(45, 4, '菲律賓長灘島｜水肺潛水入門課程', 'jpg (2).webp', 0),
(46, 4, '菲律賓長灘島｜水肺潛水入門課程', 'jpg (3).webp', 0),
(47, 4, '菲律賓長灘島｜水肺潛水入門課程', 'jpg (4).webp', 0),
(48, 1, '日本・沖繩｜輕鬆坐船去青洞浮潛・體驗潛水(主圖)', 'jpg (3).webp', 1),
(49, 1, '日本・沖繩｜輕鬆坐船去青洞浮潛・體驗潛水', 'jpg (1).webp', 0),
(50, 1, '日本・沖繩｜輕鬆坐船去青洞浮潛・體驗潛水', 'jpg (2).webp', 0),
(51, 1, '日本・沖繩｜輕鬆坐船去青洞浮潛・體驗潛水', 'jpg (4).webp', 0),
(52, 1, '日本・沖繩｜輕鬆坐船去青洞浮潛・體驗潛水', 'jpg (5).webp', 0),
(53, 2, '日本・沖繩｜青洞潛水、浮潛體驗｜青之洞窟屋｜多語教練 (主圖)', 'jpg (1).webp', 1),
(54, 2, '日本・沖繩｜青洞潛水、浮潛體驗｜青之洞窟屋｜多語教練 ', 'jpg (2).webp', 0),
(55, 2, '日本・沖繩｜青洞潛水、浮潛體驗｜青之洞窟屋｜多語教練 ', 'jpg (3).webp', 0),
(56, 2, '日本・沖繩｜青洞潛水、浮潛體驗｜青之洞窟屋｜多語教練 ', 'jpg (6).webp', 0),
(57, 2, '日本・沖繩｜青洞潛水、浮潛體驗｜青之洞窟屋｜多語教練 ', 'jpg.webp', 0);

-- --------------------------------------------------------

--
-- 資料表結構 `activity_project`
--

CREATE TABLE `activity_project` (
  `id` int(11) NOT NULL,
  `name` varchar(150) NOT NULL,
  `activity_id` int(11) NOT NULL,
  `description` text NOT NULL,
  `earliest_date` date NOT NULL COMMENT '最早預定日',
  `date` date NOT NULL COMMENT '最晚預定日',
  `time` varchar(255) NOT NULL,
  `s​pecification` varchar(255) DEFAULT NULL,
  `original_price` varchar(50) NOT NULL,
  `price` varchar(50) NOT NULL
) ENGINE=InnoDB DEFAULT CHARSET=utf8mb4 COLLATE=utf8mb4_general_ci;

--
-- 傾印資料表的資料 `activity_project`
--

INSERT INTO `activity_project` (`id`, `name`, `activity_id`, `description`, `earliest_date`, `date`, `time`, `s​pecification`, `original_price`, `price`) VALUES
(1, '浮潛體驗－冬季時段（11-2月）', 29, '3 歲以上至 60 歲之間的旅客皆可參與，未滿 6 歲須由家長陪同。\n患有下列疾病者皆不適合參加此活動，請勿下單訂購：甲狀腺亢、高血壓、懼高症、氣喘、癲癇、懷孕婦女、心肺功能疾病(異常)及體驗潛水切結同意書所提及項目，如訂購後才告知有前述疾病並要求取消，則按取消政策辦理。如有隱匿身體狀況而參加活動，參加活動後發生事故或損害，後果自負。如有健康上疑慮，請來電電話 : 08-8614388後再行報名，謝謝您的配合。', '2024-11-01', '2025-02-28', '08:00,09:00,10:00,11:00,13:00,14:00,15:00', NULL, '400', '330'),
(2, '浮潛體驗－夏季時段（3-10月）', 29, '3 歲以上至 60 歲之間的旅客皆可參與，未滿 6 歲須由家長陪同。\r\n患有下列疾病者皆不適合參加此活動，請勿下單訂購：甲狀腺亢、高血壓、懼高症、氣喘、癲癇、懷孕婦女、心肺功能疾病(異常)及體驗潛水切結同意書所提及項目，如訂購後才告知有前述疾病並要求取消，則按取消政策辦理。如有隱匿身體狀況而參加活動，參加活動後發生事故或損害，後果自負。如有健康上疑慮，請來電電話 : 0918364235後再行報名，謝謝您的配合。', '2025-03-01', '2025-10-31', '08:00,09:00,10:00,11:00,13:00,14:00,15:00,16:00,17:00', NULL, '400', '400'),
(3, '長灘島水肺潛水探索課程（英文）', 30, '導遊的語言將取決於現場狀況。如果沒有您選擇的語言的導遊，我們將提供英語導遊。', '2025-04-01', '2025-10-31', '09:00,13:00', NULL, '1500', '1380'),
(4, '長灘島水肺潛水探索課程（韓文）', 30, '導遊的語言將取決於現場狀況。如果沒有您選擇的語言的導遊，我們將提供英語導遊。', '2025-03-01', '2025-10-31', '09:00,13:00', NULL, '1500', '1380'),
(5, '長灘島水肺潛水探索課程（中文）', 30, '導遊的語言將取決於現場狀況。如果沒有您選擇的語言的導遊，我們將提供英語導遊。', '2025-02-28', '2025-10-31', '09:00,13:00', NULL, '1500', '1400'),
(6, '浮潛方案', 1, '行程時間：約 2小時。\r\n參加年齡： 9 歲至 59 歲。\r\n51 歲至 59 歲須出示寫有 \"可以浮潛 / 潛水\" 字樣的醫生診斷證明，並出示給店家後才能進行浮潛，若無提供依店家規定將無法參加體驗。\r\n請先洽詢欲接送地點是否符合可接送範圍內後再下訂，敬請留意。下訂時請於備註欄內註明接送「飯店名稱」及「地址」。', '2025-02-23', '2025-12-24', '07:30,09:30,11:30,13:30', NULL, '1660', '1420'),
(7, '體驗潛水方案', 1, '行程時間：約 2.5 小時。\r\n參加年齡： 11 歲至 59 歲。\r\n51 歲至 59 歲須出示寫有 \"可以浮潛 / 潛水\" 字樣的醫生診斷證明，並出示給店家後才能進行浮潛，若無提供依店家規定將無法參加體驗。\r\n請先洽詢欲接送地點是否符合可接送範圍內後再下訂，敬請留意。下訂時請於備註欄內註明接送「飯店名稱」及「地址」。', '2025-02-23', '2025-12-25', '07:30,09:30,11:30,13:30', NULL, '3000', '2800'),
(8, '【10/1〜4/30】浮潛方案（15分鐘前集合）', 2, '浮潛方案：限 5 歲至 55 歲旅客方可參加。\r\n冬季優惠價格。\r\n請務必於 15分鐘前抵達指定地點，為避免耽誤之後行程，逾時不候。', '2024-10-01', '2025-04-30', '08:30,10:30,12:30,14:30', NULL, '1200', '700'),
(9, '【10/1〜4/30】潛水方案（15 分鐘前集合）', 2, '潛水方案：限 12 歲至 55 歲旅客方可參加。\r\n冬季優惠價格。\r\n請務必於 15分鐘前抵達指定地點，為避免耽誤之後行程，逾時不候。', '2024-10-01', '2025-04-30', '08:30,10:30,12:30,14:30', NULL, '2500', '1900'),
(10, '【5/1〜9/30】浮潛方案（15 分鐘前集合）', 2, '浮潛方案：限 5 歲至 55 歲旅客方可參加。\r\n請務必於 15分鐘前抵達指定地點，為避免耽誤之後行程，逾時不候。', '2025-05-01', '2025-09-30', '07:00,08:30,10:30,12:30,14:30,16:30', NULL, '1200', '1200'),
(11, '【5/1〜9/30】潛水方案（15 分鐘前集合）', 2, '潛水方案：限 12 歲至 55 歲旅客方可參加。\r\n請務必於 15分鐘前抵達指定地點，為避免耽誤之後行程，逾時不候。', '2025-05-01', '2025-09-30', '07:00,08:30,10:30,12:30,14:30,16:30', NULL, '2500', '2500');

-- --------------------------------------------------------

--
-- 資料表結構 `article`
--

CREATE TABLE `article` (
  `id` int(11) NOT NULL,
  `title` varchar(255) NOT NULL,
  `content` text NOT NULL,
  `created_at` timestamp NOT NULL DEFAULT current_timestamp(),
  `updated_at` timestamp NOT NULL DEFAULT current_timestamp() ON UPDATE current_timestamp(),
  `status` enum('draft','published') NOT NULL DEFAULT 'draft',
  `publish_at` timestamp NULL DEFAULT NULL,
  `article_category_small_id` int(11) DEFAULT NULL,
  `view_count` int(11) DEFAULT 0,
  `users_id` int(11) DEFAULT NULL,
  `reply_count` int(11) DEFAULT 0,
  `is_deleted` tinyint(1) DEFAULT 0
) ENGINE=InnoDB DEFAULT CHARSET=utf8mb4 COLLATE=utf8mb4_general_ci;

--
-- 傾印資料表的資料 `article`
--

INSERT INTO `article` (`id`, `title`, `content`, `created_at`, `updated_at`, `status`, `publish_at`, `article_category_small_id`, `view_count`, `users_id`, `reply_count`, `is_deleted`) VALUES
(1, '第一次潛水的奇妙體驗', '第一次潛水是一種難以形容的體驗，當你慢慢沉入水中，周圍的世界變得安靜而神秘。水下的光線透過水面灑下來，形成一道道美麗的光束。魚群在你身邊游來游去，彷彿進入了另一個世界。這種感覺讓人上癮，也讓我決定要繼續學習潛水。', '2025-02-16 10:19:58', '2025-02-16 10:33:16', 'published', '2025-02-15 11:37:49', 1, 150, 1, 5, 0),
(2, '如何選擇適合的體驗潛水地點', '選擇體驗潛水地點時，需要考慮水質、能見度、海洋生物種類以及教練的專業程度。例如，東南亞的潛點以珊瑚礁和豐富的海洋生物聞名，而地中海則以清澈的水質和歷史沉船吸引潛水愛好者。', '2025-02-16 10:19:58', '2025-02-16 10:33:35', 'published', '2025-02-14 10:37:49', 1, 200, 2, 8, 0),
(3, '體驗潛水前的準備工作', '在進行體驗潛水之前，需要做好充分的準備工作。首先，確保身體健康，沒有感冒或耳部問題。其次，學習基本的潛水知識和手勢，以便與教練溝通。最後，準備好適合的泳衣和毛巾，確保潛水後的舒適。', '2025-02-16 10:19:58', '2025-02-16 10:33:43', 'published', '2025-02-13 09:37:49', 1, 180, 3, 6, 0),
(4, '體驗潛水的常見問題解答', '許多人在第一次體驗潛水時會有各種疑問，例如「我會不會呼吸困難？」或「水下會不會很冷？」其實，潛水裝備可以確保你正常呼吸，而潛水服則能保持體溫。只要放鬆心情，享受水下世界即可。', '2025-02-16 10:19:58', '2025-02-16 10:33:49', 'published', '2025-02-12 08:37:49', 1, 220, 4, 10, 0),
(5, '體驗潛水 vs 正式潛水課程', '體驗潛水適合想要嘗試潛水的人，而正式潛水課程則適合想要深入學習並獲得潛水證書的人。體驗潛水通常由教練全程陪同，而正式課程則需要學習更多的理論知識和技巧。', '2025-02-16 10:19:58', '2025-02-16 10:33:55', 'published', '2025-02-11 07:37:49', 1, 170, 5, 7, 0),
(6, '體驗潛水的安全注意事項', '體驗潛水雖然有趣，但安全永遠是第一位的。確保聽從教練的指示，不要單獨行動，並隨時注意自己的呼吸和身體狀況。如果感到不適，應立即告知教練。', '2025-02-16 10:19:58', '2025-02-16 10:34:00', 'published', '2025-02-10 06:37:49', 1, 190, 6, 9, 0),
(7, '體驗潛水的最佳季節', '不同地區的潛水季節有所不同。例如，馬爾代夫的最佳潛水季節是11月至4月，而泰國則是12月至3月。選擇合適的季節可以確保良好的能見度和豐富的海洋生物。', '2025-02-16 10:19:58', '2025-02-16 10:34:06', 'published', '2025-02-09 05:37:49', 1, 210, 7, 12, 0),
(8, '體驗潛水的裝備介紹', '體驗潛水通常會提供全套裝備，包括潛水鏡、呼吸管、潛水服和氣瓶。這些裝備可以確保你在水下的安全和舒適。如果有特殊需求，也可以自備裝備。', '2025-02-16 10:19:58', '2025-02-16 10:34:12', 'published', '2025-02-08 04:37:49', 1, 160, 8, 5, 0),
(9, '體驗潛水的費用解析', '體驗潛水的費用因地區和服務內容而異。一般來說，費用包括裝備租借、教練指導和潛水保險。建議提前查詢並比較不同潛水中心的價格和評價。', '2025-02-16 10:19:58', '2025-02-16 10:34:18', 'published', '2025-02-07 03:37:49', 1, 230, 9, 15, 0),
(10, '體驗潛水的未來趨勢', '隨著潛水運動的普及，體驗潛水的服務也越來越多元化。未來可能會出現更多結合虛擬實境（VR）技術的潛水體驗，讓更多人能夠感受到水下世界的魅力。', '2025-02-16 10:19:58', '2025-02-16 10:34:26', 'published', '2025-02-06 02:37:49', 1, 240, 10, 18, 0),
(11, '如何選擇適合的潛水課程', '選擇潛水課程時，需要考慮課程內容、教練資質、潛水地點和費用。建議選擇有國際認證的潛水中心，並查看其他學員的評價。', '2025-02-16 10:19:58', '2025-02-16 10:34:40', 'published', '2025-02-05 01:37:49', 2, 250, 11, 20, 0),
(12, '開放水域潛水課程介紹', '開放水域潛水課程是潛水初學者的必修課程，內容包括理論知識、平靜水域練習和開放水域實習。完成課程後，可以獲得開放水域潛水員證書。', '2025-02-16 10:19:58', '2025-02-16 10:34:54', 'published', '2025-02-04 00:37:49', 2, 260, 12, 22, 0),
(13, '進階潛水課程的必要性', '進階潛水課程可以幫助你提升潛水技巧，學習更深層次的知識，例如夜潛、沉船潛水和水下導航。這些技能可以讓你的潛水體驗更加豐富。', '2025-02-16 10:19:58', '2025-02-16 10:35:00', 'published', '2025-02-02 23:37:49', 2, 270, 13, 25, 0),
(14, '潛水課程的費用比較', '潛水課程的費用因地區和課程內容而異。一般來說，開放水域課程的費用在300至500美元之間，而進階課程則需要額外支付200至300美元。', '2025-02-16 10:19:58', '2025-02-16 10:35:07', 'published', '2025-02-01 22:37:49', 2, 280, 14, 30, 0),
(15, '潛水課程的學習心得分享', '參加潛水課程是一次非常有意義的經歷。不僅學到了許多潛水知識，還結識了一群志同道合的朋友。最重要的是，獲得了探索水下世界的資格。', '2025-02-16 10:19:58', '2025-02-16 10:35:14', 'published', '2025-01-31 21:37:49', 2, 290, 15, 35, 0),
(16, '潛水課程的教練選擇指南', '選擇一位經驗豐富的潛水教練非常重要。可以通過查看教練的資質證書、教學經驗和學員評價來做出決定。', '2025-02-16 10:19:58', '2025-02-16 10:35:19', 'published', '2025-01-30 20:37:49', 2, 300, 16, 40, 0),
(17, '潛水課程的常見問題', '許多人在參加潛水課程時會有疑問，例如「課程難不難？」或「需要多長時間？」其實，只要認真學習並按照教練的指示操作，大多數人都能順利完成課程。', '2025-02-16 10:19:58', '2025-02-16 10:35:25', 'published', '2025-01-29 19:37:49', 2, 310, 17, 45, 0),
(18, '潛水課程的未來發展', '隨著潛水運動的普及，潛水課程的內容和形式也在不斷創新。未來可能會出現更多線上課程和虛擬實境教學，讓學習更加便捷。', '2025-02-16 10:19:58', '2025-02-16 10:35:31', 'published', '2025-01-28 18:37:49', 2, 320, 18, 50, 0),
(19, '潛水課程的國際認證', '國際潛水組織如PADI、SSI和NAUI提供全球認可的潛水課程和證書。選擇有國際認證的課程可以確保你的潛水資格被廣泛接受。', '2025-02-16 10:19:58', '2025-02-16 10:35:37', 'published', '2025-01-27 17:37:49', 2, 330, 19, 55, 0),
(20, '潛水課程的線上學習資源', '許多潛水中心提供線上學習資源，例如理論課程影片和模擬測驗。這些資源可以幫助你在正式上課前做好準備，提升學習效率。', '2025-02-16 10:19:58', '2025-02-16 10:35:42', 'published', '2025-01-26 16:37:49', 2, 340, 20, 60, 0);

-- --------------------------------------------------------

--
-- 資料表結構 `article_category_big`
--

CREATE TABLE `article_category_big` (
  `id` int(11) NOT NULL,
  `name` varchar(255) NOT NULL
) ENGINE=InnoDB DEFAULT CHARSET=utf8mb4 COLLATE=utf8mb4_general_ci;

--
-- 傾印資料表的資料 `article_category_big`
--

INSERT INTO `article_category_big` (`id`, `name`) VALUES
(1, '課程與體驗'),
(2, '交流'),
(3, '知識與技術'),
(4, '新聞與活動');

-- --------------------------------------------------------

--
-- 資料表結構 `article_category_small`
--

CREATE TABLE `article_category_small` (
  `id` int(11) NOT NULL,
  `name` varchar(255) NOT NULL,
  `category_big_id` int(11) DEFAULT NULL
) ENGINE=InnoDB DEFAULT CHARSET=utf8mb4 COLLATE=utf8mb4_general_ci;

--
-- 傾印資料表的資料 `article_category_small`
--

INSERT INTO `article_category_small` (`id`, `name`, `category_big_id`) VALUES
(1, '體驗潛水', 1),
(2, '潛水課程', 1),
(3, '旅遊潛水', 1),
(4, '相片分享', 2),
(5, '設備討論', 2),
(6, '規劃行程', 2),
(7, '海洋生物', 3),
(8, '潛水技巧', 3),
(9, '海洋環境', 3),
(10, '潛水新聞', 4),
(11, '潛水活動', 4),
(12, '潛水人物', 4);

-- --------------------------------------------------------

--
-- 資料表結構 `article_image`
--

CREATE TABLE `article_image` (
  `id` int(11) NOT NULL,
  `article_id` int(11) DEFAULT NULL,
  `name` varchar(255) NOT NULL,
  `img_url` varchar(255) NOT NULL,
  `is_main` tinyint(1) DEFAULT 0
) ENGINE=InnoDB DEFAULT CHARSET=utf8mb4 COLLATE=utf8mb4_general_ci;

--
-- 傾印資料表的資料 `article_image`
--

INSERT INTO `article_image` (`id`, `article_id`, `name`, `img_url`, `is_main`) VALUES
(1, 1, '1', '/img/article/001.jpg', 1),
(2, 2, '2', '/img/article/002.jpg', 1),
(3, 3, '3', '/img/article/003.jpg', 1),
(4, 4, '4', '/img/article/004.jpg', 1),
(5, 5, '5', '/img/article/005.jpg', 1),
(6, 6, '6', '/img/article/006.jpg', 1),
(7, 7, '7', '/img/article/007.jpg', 1),
(8, 8, '8', '/img/article/008.jpg', 1),
(9, 9, '9', '/img/article/009.jpg', 1),
(10, 10, '10', '/img/article/010.jpg', 1),
(11, 11, '11', '/img/article/011.jpg', 1),
(12, 12, '12', '/img/article/012.jpg', 1),
(13, 13, '13', '/img/article/013.jpg', 1),
(14, 14, '14', '/img/article/014.jpg', 1),
(15, 15, '15', '/img/article/015.jpg', 1),
(16, 16, '16', '/img/article/016.jpg', 1),
(17, 17, '17', '/img/article/017.jpg', 1),
(18, 18, '18', '/img/article/018.jpg', 1),
(19, 19, '19', '/img/article/019.jpg', 1),
(20, 20, '20', '/img/article/020.jpg', 1);

-- --------------------------------------------------------

--
-- 資料表結構 `article_likes_dislikes`
--

CREATE TABLE `article_likes_dislikes` (
  `article_id` int(11) NOT NULL,
  `users_id` int(11) NOT NULL,
  `is_like` tinyint(1) DEFAULT NULL
) ENGINE=InnoDB DEFAULT CHARSET=utf8mb4 COLLATE=utf8mb4_general_ci;

--
-- 傾印資料表的資料 `article_likes_dislikes`
--

INSERT INTO `article_likes_dislikes` (`article_id`, `users_id`, `is_like`) VALUES
(1, 1, 1),
(1, 2, 0),
(1, 3, 1),
(1, 4, 0),
(1, 5, 0),
(2, 1, 1),
(2, 2, 0),
(2, 3, 1),
(2, 4, 0),
(2, 5, 1);

-- --------------------------------------------------------

--
-- 資料表結構 `article_reply`
--

CREATE TABLE `article_reply` (
  `id` int(11) NOT NULL,
  `article_id` int(11) DEFAULT NULL,
  `users_id` int(11) DEFAULT NULL,
  `content` text NOT NULL,
  `floor_number` int(11) DEFAULT NULL,
  `reply_number` int(11) DEFAULT 0,
  `level` enum('1','2') DEFAULT '1',
  `created_at` timestamp NOT NULL DEFAULT current_timestamp(),
  `is_deleted` tinyint(1) DEFAULT 0
) ENGINE=InnoDB DEFAULT CHARSET=utf8mb4 COLLATE=utf8mb4_general_ci;

--
-- 傾印資料表的資料 `article_reply`
--

INSERT INTO `article_reply` (`id`, `article_id`, `users_id`, `content`, `floor_number`, `reply_number`, `level`, `created_at`, `is_deleted`) VALUES
(11, 1, 1, '這篇文章寫得真好，讓我對潛水有了更深的認識！', 1, 0, '1', '2025-02-16 00:37:49', 0),
(12, 1, 2, '我也好想去潛水，請問初學者該如何開始？', 2, 0, '1', '2025-02-16 01:26:49', 0),
(13, 1, 3, '回覆2樓：建議先找專業教練學習基礎技巧哦！', 2, 1, '2', '2025-02-16 02:15:49', 0),
(14, 1, 3, '潛水真的是一種很棒的體驗，推薦大家試試！', 3, 0, '1', '2025-02-16 03:04:49', 0),
(15, 1, 2, '請問潛水裝備大概需要多少預算？', 4, 0, '1', '2025-02-16 03:53:49', 0),
(16, 1, 1, '回覆5樓：初學者建議先租裝備，等熟悉後再考慮購買。', 4, 1, '2', '2025-02-16 04:42:49', 0),
(17, 1, 1, '潛水時遇到鯊魚怎麼辦？有點害怕...', 5, 0, '1', '2025-02-16 05:31:49', 0),
(18, 1, 2, '回覆7樓：鯊魚其實並不可怕，保持冷靜就好！', 5, 1, '2', '2025-02-16 06:20:49', 0),
(19, 1, 3, '潛水後耳朵會痛，這是正常的嗎？', 6, 0, '1', '2025-02-16 07:09:49', 0),
(20, 1, 2, '回覆9樓：可能是耳壓平衡沒做好，建議多練習耳壓平衡技巧。', 6, 1, '2', '2025-02-16 07:58:49', 0);

-- --------------------------------------------------------

--
-- 資料表結構 `article_tag_big`
--

CREATE TABLE `article_tag_big` (
  `article_id` int(11) NOT NULL,
  `article_tag_small_id` int(11) NOT NULL
) ENGINE=InnoDB DEFAULT CHARSET=utf8mb4 COLLATE=utf8mb4_general_ci;

--
-- 傾印資料表的資料 `article_tag_big`
--

INSERT INTO `article_tag_big` (`article_id`, `article_tag_small_id`) VALUES
(1, 1),
(1, 5),
(1, 8),
(2, 3),
(2, 7),
(2, 8);

-- --------------------------------------------------------

--
-- 資料表結構 `article_tag_small`
--

CREATE TABLE `article_tag_small` (
  `id` int(11) NOT NULL,
  `tag_name` varchar(255) NOT NULL
) ENGINE=InnoDB DEFAULT CHARSET=utf8mb4 COLLATE=utf8mb4_general_ci;

--
-- 傾印資料表的資料 `article_tag_small`
--

INSERT INTO `article_tag_small` (`id`, `tag_name`) VALUES
(1, '初學者'),
(4, '安全第一'),
(6, '攝影技巧'),
(7, '旅遊攻略'),
(8, '活動分享'),
(5, '海洋生物'),
(3, '熱門潛點'),
(2, '裝備推薦');

-- --------------------------------------------------------

--
-- 資料表結構 `brand`
--

CREATE TABLE `brand` (
  `id` int(10) UNSIGNED NOT NULL,
  `name` varchar(255) NOT NULL,
  `description` text DEFAULT NULL,
  `createdAt` datetime DEFAULT current_timestamp(),
  `updatedAt` datetime DEFAULT current_timestamp() ON UPDATE current_timestamp()
) ENGINE=InnoDB DEFAULT CHARSET=utf8mb4 COLLATE=utf8mb4_unicode_ci;

--
-- 傾印資料表的資料 `brand`
--

INSERT INTO `brand` (`id`, `name`, `description`, `createdAt`, `updatedAt`) VALUES
(1, 'Scubapro', '專業潛水設備品牌', '2025-02-14 15:23:58', '2025-02-14 15:23:58'),
(2, 'Mares', '來自義大利的高品質潛水裝備', '2025-02-14 15:23:58', '2025-02-14 15:23:58'),
(3, 'Aqualung', '全球知名的潛水裝備品牌', '2025-02-14 15:23:58', '2025-02-14 15:23:58');

-- --------------------------------------------------------

--
-- 資料表結構 `carts`
--

CREATE TABLE `carts` (
  `id` int(10) UNSIGNED NOT NULL,
  `user_id` int(10) UNSIGNED NOT NULL,
  `status` enum('active','checked_out','abandoned') NOT NULL DEFAULT 'active',
  `createdAt` datetime DEFAULT current_timestamp(),
  `updatedAt` datetime DEFAULT current_timestamp() ON UPDATE current_timestamp()
) ENGINE=InnoDB DEFAULT CHARSET=utf8mb4 COLLATE=utf8mb4_unicode_ci;

--
-- 傾印資料表的資料 `carts`
--

INSERT INTO `carts` (`id`, `user_id`, `status`, `createdAt`, `updatedAt`) VALUES
(3, 1, 'active', '2025-02-16 20:03:18', '2025-02-16 20:03:18'),
(10, 2, 'active', '2025-02-16 20:43:15', '2025-02-16 20:43:15'),
(13, 3, 'active', '2025-02-18 15:06:37', '2025-02-18 15:06:37');

-- --------------------------------------------------------

--
-- 資料表結構 `cart_activity_items`
--

CREATE TABLE `cart_activity_items` (
  `id` int(10) UNSIGNED NOT NULL,
  `cart_id` int(10) UNSIGNED NOT NULL,
  `activity_project_id` int(10) UNSIGNED NOT NULL,
  `quantity` int(11) NOT NULL DEFAULT 1,
  `date` date NOT NULL,
  `time` time NOT NULL,
  `createdAt` datetime DEFAULT current_timestamp(),
  `updatedAt` datetime DEFAULT current_timestamp() ON UPDATE current_timestamp()
) ENGINE=InnoDB DEFAULT CHARSET=utf8mb4 COLLATE=utf8mb4_unicode_ci;

--
-- 傾印資料表的資料 `cart_activity_items`
--

INSERT INTO `cart_activity_items` (`id`, `cart_id`, `activity_project_id`, `quantity`, `date`, `time`, `createdAt`, `updatedAt`) VALUES
(3, 3, 1, 1, '2025-02-20', '10:00:00', '2025-02-18 11:00:56', '2025-02-18 15:53:41'),
(15, 3, 1, 1, '2025-02-15', '23:00:00', '2025-02-18 16:07:02', '2025-02-20 16:28:53');

-- --------------------------------------------------------

--
-- 資料表結構 `cart_items`
--

CREATE TABLE `cart_items` (
  `id` int(10) UNSIGNED NOT NULL,
  `cart_id` int(10) UNSIGNED NOT NULL,
  `variant_id` int(10) UNSIGNED NOT NULL,
  `quantity` int(11) NOT NULL DEFAULT 1,
  `createdAt` datetime DEFAULT current_timestamp(),
  `updatedAt` datetime DEFAULT current_timestamp() ON UPDATE current_timestamp(),
  `bundle_id` int(10) UNSIGNED DEFAULT NULL
) ENGINE=InnoDB DEFAULT CHARSET=utf8mb4 COLLATE=utf8mb4_unicode_ci;

--
-- 傾印資料表的資料 `cart_items`
--

INSERT INTO `cart_items` (`id`, `cart_id`, `variant_id`, `quantity`, `createdAt`, `updatedAt`, `bundle_id`) VALUES
(35, 3, 1, 1, '2025-02-21 16:47:57', '2025-02-21 16:47:57', NULL);

-- --------------------------------------------------------

--
-- 資料表結構 `cart_rental_items`
--

CREATE TABLE `cart_rental_items` (
  `id` int(10) UNSIGNED NOT NULL,
  `cart_id` int(10) UNSIGNED NOT NULL,
  `rental_id` int(10) UNSIGNED NOT NULL,
  `start_date` date NOT NULL,
  `end_date` date NOT NULL,
  `quantity` int(11) NOT NULL DEFAULT 1,
  `createdAt` datetime DEFAULT current_timestamp()
) ENGINE=InnoDB DEFAULT CHARSET=utf8mb4 COLLATE=utf8mb4_unicode_ci;

--
-- 傾印資料表的資料 `cart_rental_items`
--

INSERT INTO `cart_rental_items` (`id`, `cart_id`, `rental_id`, `start_date`, `end_date`, `quantity`, `createdAt`) VALUES
(2, 3, 1, '2025-02-20', '2025-02-25', 6, '2025-02-18 19:16:02');

-- --------------------------------------------------------

--
-- 資料表結構 `category_big`
--

CREATE TABLE `category_big` (
  `id` int(10) UNSIGNED NOT NULL,
  `name` varchar(255) NOT NULL
) ENGINE=InnoDB DEFAULT CHARSET=utf8mb4 COLLATE=utf8mb4_unicode_ci;

--
-- 傾印資料表的資料 `category_big`
--

INSERT INTO `category_big` (`id`, `name`) VALUES
(1, '潛水裝備'),
(2, '配件');

-- --------------------------------------------------------

--
-- 資料表結構 `category_small`
--

CREATE TABLE `category_small` (
  `id` int(10) UNSIGNED NOT NULL,
  `name` varchar(255) NOT NULL,
  `category_big_id` int(10) UNSIGNED NOT NULL
) ENGINE=InnoDB DEFAULT CHARSET=utf8mb4 COLLATE=utf8mb4_unicode_ci;

--
-- 傾印資料表的資料 `category_small`
--

INSERT INTO `category_small` (`id`, `name`, `category_big_id`) VALUES
(1, '面鏡', 1),
(2, '防寒衣', 1),
(3, '調節器', 1),
(4, '潛水燈', 2);

-- --------------------------------------------------------

--
-- 資料表結構 `color`
--

CREATE TABLE `color` (
  `id` int(10) UNSIGNED NOT NULL,
  `name` varchar(50) NOT NULL,
  `color_code` varchar(7) NOT NULL,
  `createdAt` datetime DEFAULT current_timestamp(),
  `updatedAt` datetime DEFAULT current_timestamp() ON UPDATE current_timestamp()
) ENGINE=InnoDB DEFAULT CHARSET=utf8mb4 COLLATE=utf8mb4_unicode_ci;

--
-- 傾印資料表的資料 `color`
--

INSERT INTO `color` (`id`, `name`, `color_code`, `createdAt`, `updatedAt`) VALUES
(1, '黑色', '#000000', '2025-02-14 15:23:58', '2025-02-14 15:23:58'),
(2, '藍色', '#0000FF', '2025-02-14 15:23:58', '2025-02-14 15:23:58'),
(3, '紅色', '#FF0000', '2025-02-14 15:23:58', '2025-02-14 15:23:58');

-- --------------------------------------------------------

--
-- 資料表結構 `coupon`
--

CREATE TABLE `coupon` (
  `id` int(11) NOT NULL COMMENT '優惠券唯一識別碼',
  `code` varchar(50) NOT NULL COMMENT '優惠券代碼',
  `name` varchar(255) NOT NULL COMMENT '優惠券名稱',
  `campaign_name` varchar(255) DEFAULT NULL COMMENT '檔期活動名稱',
  `discount_type` enum('金額','折扣 %') NOT NULL COMMENT '折扣類型（金額或折扣 %）',
  `discount` decimal(10,2) NOT NULL COMMENT '折扣數值（依折扣類型而定）',
  `min_spent` decimal(10,2) NOT NULL COMMENT '最低消費金額（滿額使用）',
  `start_date` datetime NOT NULL COMMENT '優惠券開始時間',
  `end_date` datetime NOT NULL COMMENT '優惠券結束時間',
  `total_issued` int(11) NOT NULL COMMENT '總發放數量',
  `max_per_user` int(11) NOT NULL COMMENT '每人可領取數量',
  `status` enum('啟用','停用') NOT NULL COMMENT '優惠券狀態',
  `description` text DEFAULT NULL COMMENT '優惠券描述',
  `image_url` varchar(255) DEFAULT NULL COMMENT '優惠券圖片 URL',
  `is_deleted` tinyint(1) DEFAULT 0 COMMENT '是否刪除（邏輯刪除）',
  `is_exclusive` tinyint(1) DEFAULT 0 COMMENT '是否為不可與其他優惠同時使用',
  `is_target` tinyint(1) DEFAULT 0 COMMENT '是否需適用範圍 (若 TRUE 則需關聯 coupon_targets)'
) ENGINE=InnoDB DEFAULT CHARSET=utf8 COLLATE=utf8_general_ci;

--
-- 傾印資料表的資料 `coupon`
--

INSERT INTO `coupon` (`id`, `code`, `name`, `campaign_name`, `discount_type`, `discount`, `min_spent`, `start_date`, `end_date`, `total_issued`, `max_per_user`, `status`, `description`, `image_url`, `is_deleted`, `is_exclusive`, `is_target`) VALUES
(1, 'CPN001', '全館95折優惠券', '全館優惠', '折扣 %', 0.95, 1000.00, '2024-01-01 00:00:00', '2024-01-31 23:59:00', 100, 1, '停用', '全館適用', NULL, 0, 0, 0),
(2, 'CPN002', '商品專屬9折優惠券', '新品促銷', '折扣 %', 0.90, 500.00, '2024-01-05 00:00:00', '2024-06-25 23:59:00', 50, 2, '停用', '適用於指定商品', NULL, 0, 1, 1),
(3, 'CPN003', '租賃滿3000折500優惠券', '租賃優惠', '金額', 500.00, 3000.00, '2024-01-10 00:00:00', '2024-06-20 23:59:00', 30, 1, '停用', '租賃服務專用優惠券', NULL, 0, 0, 1),
(4, 'CPN004', '活動專屬95折優惠券', '春季活動', '折扣 %', 0.95, 2000.00, '2024-01-01 00:00:00', '2024-01-31 23:59:00', 80, 1, '停用', '活動報名專用優惠券', NULL, 0, 1, 1),
(5, 'CPN005', '全館折扣優惠券', '周年慶', '金額', 300.00, 4000.00, '2024-01-15 00:00:00', '2024-05-28 23:59:00', 120, 3, '停用', '全館滿額折抵優惠', NULL, 0, 0, 0),
(6, 'CPN006', '生日月份專屬85折優惠券', '生日優惠', '折扣 %', 0.85, 1500.00, '2024-03-12 00:00:00', '2024-01-22 23:59:00', 60, 1, '停用', '僅限生日月份使用優惠券', NULL, 0, 0, 1),
(7, 'CPN007', '會員等級專屬固定折抵優惠券', '會員專屬優惠', '金額', 800.00, 5000.00, '2024-01-08 00:00:00', '2024-04-18 23:59:00', 40, 1, '停用', '僅限高級會員使用', NULL, 0, 1, 1),
(8, 'CPN008', '指定商品滿額折抵優惠券', '限時搶購', '金額', 400.00, 3000.00, '2024-01-03 00:00:00', '2024-01-23 23:59:00', 70, 2, '停用', '適用於部分商品，僅限新會員', NULL, 0, 0, 1),
(9, 'CPN009', '租賃專屬折扣優惠券', '租賃狂歡', '折扣 %', 0.90, 2500.00, '2024-01-07 00:00:00', '2024-04-27 23:59:00', 55, 1, '停用', '租賃專用優惠券', NULL, 0, 1, 1),
(10, 'CPN010', '活動滿額折抵優惠券', '夏日活動', '金額', 1000.00, 8000.00, '2024-01-02 00:00:00', '2024-01-30 23:59:00', 90, 1, '停用', '活動專用滿額折抵券', NULL, 0, 0, 1),
(11, 'EX001', '全館95折優惠券', '夏季促銷', '折扣 %', 0.95, 1000.00, '2024-01-01 00:00:00', '2024-01-31 23:59:00', 100, 1, '停用', '全館適用優惠券', NULL, 0, 0, 0),
(12, 'EX002', '指定商品折扣優惠券', '新品促銷', '折扣 %', 0.90, 500.00, '2024-02-01 00:00:00', '2024-02-28 23:59:00', 50, 2, '停用', '僅適用指定商品優惠券', NULL, 0, 1, 1),
(13, 'EX003', '租賃服務折抵券', '租賃優惠', '金額', 500.00, 3000.00, '2024-03-01 00:00:00', '2024-03-31 23:59:00', 30, 1, '停用', '租賃服務專用優惠券', NULL, 0, 0, 1),
(14, 'EX004', '活動專屬折扣券', '春季活動', '折扣 %', 0.95, 2000.00, '2024-04-01 00:00:00', '2024-04-30 23:59:00', 80, 1, '停用', '活動專用優惠券', NULL, 0, 1, 1),
(15, 'EX005', '全館固定折抵券', '周年慶優惠', '金額', 300.00, 4000.00, '2024-05-01 00:00:00', '2024-05-31 23:59:00', 120, 3, '停用', '全館滿額折抵優惠券', NULL, 0, 0, 0),
(16, 'EX006', '生日折扣優惠券', '會員優惠活動', '折扣 %', 0.85, 1500.00, '2024-06-01 00:00:00', '2024-06-30 23:59:00', 60, 1, '停用', '適用於生日月份優惠券', NULL, 0, 0, 1),
(17, 'EX007', '會員等級優惠券', '尊榮會員禮遇', '金額', 800.00, 5000.00, '2024-07-01 00:00:00', '2024-07-31 23:59:00', 40, 1, '停用', '僅限高級會員使用優惠券', NULL, 0, 1, 1),
(18, 'EX008', '指定商品折抵券', '限時促銷', '金額', 400.00, 3000.00, '2024-08-01 00:00:00', '2024-08-31 23:59:00', 70, 2, '停用', '僅適用部分商品優惠券', NULL, 0, 0, 1),
(19, 'EX009', '租賃折扣優惠券', '租賃盛惠', '折扣 %', 0.90, 2500.00, '2024-09-01 00:00:00', '2024-09-30 23:59:00', 55, 1, '停用', '租賃服務專用優惠券', NULL, 0, 1, 1),
(20, 'EX010', '活動滿額折抵優惠券', '夏日優惠', '金額', 1000.00, 8000.00, '2024-10-01 00:00:00', '2024-10-31 23:59:00', 90, 1, '停用', '活動專用優惠券', NULL, 0, 0, 1),
(21, 'EX021', '全館90折優惠券', '冬季促銷', '折扣 %', 0.90, 800.00, '2024-11-01 00:00:00', '2024-11-30 23:59:59', 150, 1, '停用', '全館適用優惠券', NULL, 0, 0, 0),
(22, 'EX022', '指定商品85折優惠券', '新品促銷', '折扣 %', 0.85, 600.00, '2024-10-01 00:00:00', '2024-10-31 23:59:59', 80, 2, '停用', '適用於指定商品優惠券', NULL, 0, 1, 1),
(23, 'EX023', '租賃服務折扣券', '租賃優惠', '金額', 400.00, 2500.00, '2024-09-01 00:00:00', '2024-09-30 23:59:59', 60, 1, '停用', '租賃服務專用優惠券', NULL, 0, 0, 1),
(24, 'EX024', '活動專屬9折優惠券', '春季嘉年華', '折扣 %', 0.90, 1800.00, '2024-08-01 00:00:00', '2024-08-31 23:59:59', 100, 1, '停用', '活動專用優惠券', NULL, 0, 1, 1),
(25, 'EX025', '全館固定折扣券', '周年慶特惠', '金額', 250.00, 3500.00, '2024-07-01 00:00:00', '2024-07-31 23:59:59', 200, 3, '停用', '全館滿額折抵優惠券', NULL, 0, 0, 0),
(26, 'EX026', '生日專屬優惠券', '會員慶生禮', '折扣 %', 0.80, 1200.00, '2024-06-01 00:00:00', '2024-06-30 23:59:59', 50, 1, '停用', '僅限生日月份優惠券', NULL, 0, 0, 1),
(27, 'EX027', '會員等級專屬折扣券', '尊榮會員專屬', '金額', 700.00, 4500.00, '2024-05-01 00:00:00', '2024-05-31 23:59:59', 40, 1, '停用', '會員等級優惠券', NULL, 0, 1, 1),
(28, 'EX028', '指定商品固定折扣券', '限時促銷', '金額', 350.00, 3200.00, '2024-04-01 00:00:00', '2024-04-30 23:59:59', 90, 2, '停用', '指定商品優惠券', NULL, 0, 0, 1),
(29, 'EX029', '租賃專屬9折優惠券', '租賃特惠', '折扣 %', 0.90, 2700.00, '2024-11-01 00:00:00', '2024-11-30 23:59:59', 70, 1, '停用', '租賃優惠券', NULL, 0, 1, 1),
(30, 'EX030', '活動滿額固定折扣券', '夏日狂歡', '金額', 900.00, 7500.00, '2024-11-01 00:00:00', '2024-12-28 23:59:59', 80, 1, '停用', '活動專用優惠券', NULL, 0, 0, 1),
(31, 'CPN031', '全館95折優惠券', '狂歡春日派對', '折扣 %', 0.95, 1000.00, '2025-02-10 00:00:00', '2025-03-31 23:59:59', 5000, 1, '啟用', '全館所有商品滿額後享95折優惠。', NULL, 0, 0, 0),
(32, 'CPN032', '全館滿5000折600優惠券', '狂歡春日派對', '金額', 600.00, 5000.00, '2025-02-10 00:00:00', '2025-03-31 23:59:59', 4000, 1, '啟用', '全館消費滿5000元，直接折抵600元。', NULL, 0, 0, 0),
(33, 'CPN033', 'VIP全館專屬9折優惠券', 'VIP星光夜宴', '折扣 %', 0.90, 1000.00, '2025-02-15 00:00:00', '2025-04-30 23:59:59', 3000, 2, '啟用', 'VIP會員消費達標後享9折優惠。', NULL, 0, 0, 1),
(34, 'CPN034', 'VIP全館滿5000折800優惠券', 'VIP星光夜宴', '金額', 800.00, 5000.00, '2025-02-15 00:00:00', '2025-04-30 23:59:59', 2000, 1, '啟用', 'VIP會員滿5000元，直接折抵800元。', NULL, 0, 0, 1),
(35, 'CPN035', '新用戶首購95折優惠券', '新鮮出爐優惠', '折扣 %', 0.95, 500.00, '2025-02-20 00:00:00', '2025-04-15 23:59:59', 3000, 1, '啟用', '新用戶首筆訂單享95折優惠。', NULL, 0, 0, 1),
(36, 'CPN036', '新用戶全館滿2000折300優惠券', '新鮮出爐優惠', '金額', 300.00, 2000.00, '2025-02-20 00:00:00', '2025-04-15 23:59:59', 2500, 1, '啟用', '新用戶消費滿2000元，直接折抵300元。', NULL, 0, 0, 1),
(37, 'CPN037', '壽星專屬全館85折優惠券', '生日狂歡趴', '折扣 %', 0.85, 1500.00, '2025-02-25 00:00:00', '2025-04-30 23:59:59', 1500, 1, '啟用', '當月壽星專享，全館消費享85折優惠。', NULL, 0, 0, 1),
(38, 'CPN038', '壽星全館滿4000折500優惠券', '生日狂歡趴', '金額', 500.00, 4000.00, '2025-02-25 00:00:00', '2025-04-30 23:59:59', 1200, 1, '啟用', '當月壽星消費滿4000元，直接折抵500元。', NULL, 0, 0, 1),
(39, 'CPN039', '全館9折優惠券', '限時瘋狂搶購', '折扣 %', 0.90, 800.00, '2025-03-01 00:00:00', '2025-04-30 23:59:59', 4500, 1, '啟用', '全館所有商品滿額後享90折優惠。', NULL, 0, 0, 0),
(40, 'CPN040', '全館滿3000折300優惠券', '限時瘋狂搶購', '金額', 300.00, 3000.00, '2025-03-01 00:00:00', '2025-04-30 23:59:59', 3500, 1, '啟用', '全館消費滿3000元，直接折抵300元。', NULL, 0, 0, 0),
(41, 'CPN041', 'VIP專屬85折限品券', 'VIP獨享派對', '折扣 %', 0.85, 1200.00, '2025-02-15 00:00:00', '2025-04-15 23:59:59', 1000, 1, '啟用', 'VIP會員專享，特定商品享85折優惠。', NULL, 0, 1, 1),
(42, 'CPN042', 'VIP滿300折200優惠券', 'VIP獨享派對', '金額', 200.00, 300.00, '2025-02-15 00:00:00', '2025-04-15 23:59:59', 800, 1, '啟用', 'VIP會員消費滿2000元，直接折抵200元。', NULL, 0, 1, 1),
(43, 'CPN043', '新用戶9折優惠券', '新鮮出爐優惠', '折扣 %', 0.90, 500.00, '2025-02-20 00:00:00', '2025-04-15 23:59:59', 2800, 1, '啟用', '新用戶首筆訂單享90折優惠。', NULL, 0, 0, 1),
(44, 'CPN044', '新用戶滿1500折150優惠券', '新鮮出爐優惠', '金額', 150.00, 1500.00, '2025-02-20 00:00:00', '2025-04-15 23:59:59', 2600, 1, '啟用', '新用戶消費滿1500元，直接折抵150元。', NULL, 0, 0, 1),
(45, 'CPN045', '壽星專屬全館8折優惠券', '生日狂歡趴', '折扣 %', 0.80, 1800.00, '2025-03-01 00:00:00', '2025-04-30 23:59:59', 1400, 1, '啟用', '當月壽星享受全館80折優惠。', NULL, 0, 0, 1),
(46, 'CPN046', '壽星滿2500折300優惠券', '生日狂歡趴', '金額', 300.00, 2500.00, '2025-03-01 00:00:00', '2025-04-30 23:59:59', 1300, 1, '啟用', '當月壽星消費滿2500元，直接折抵300元。', NULL, 0, 0, 1),
(47, 'CPN047', '全館88折優惠券', '限時瘋狂搶購', '折扣 %', 0.88, 1200.00, '2025-03-05 00:00:00', '2025-05-31 23:59:59', 4000, 1, '啟用', '全館所有商品滿額後享88折優惠。', NULL, 0, 0, 0),
(48, 'CPN048', '全館滿4000折500優惠券', '限時瘋狂搶購', '金額', 500.00, 4000.00, '2025-03-05 00:00:00', '2025-05-31 23:59:59', 3500, 1, '啟用', '全館消費滿4000元，直接折抵500元。', NULL, 0, 0, 0),
(49, 'CPN049', 'VIP無門檻95折優惠券', 'VIP閃耀派對', '折扣 %', 0.95, 1.00, '2025-02-15 00:00:00', '2025-04-30 23:59:59', 2200, 1, '啟用', 'VIP會員無門檻專屬，享95折優惠。', NULL, 0, 0, 1),
(50, 'CPN050', 'VIP滿500折100優惠券', 'VIP閃耀派對', '金額', 100.00, 500.00, '2025-02-15 00:00:00', '2025-04-30 23:59:59', 2000, 1, '啟用', 'VIP會員消費滿500元，直接折抵100元。', NULL, 0, 0, 1);

-- --------------------------------------------------------

--
-- 資料表結構 `coupon_targets`
--

CREATE TABLE `coupon_targets` (
  `id` int(11) NOT NULL COMMENT '唯一識別碼',
  `coupon_id` int(11) NOT NULL COMMENT '對應 coupon.id，優惠券的 ID',
  `variant_id` int(11) DEFAULT NULL COMMENT '目標商品的 ID（適用於商品類型）',
  `rent_item_id` int(11) DEFAULT NULL COMMENT '目標租賃的 ID（適用於租賃類型）',
  `activity_id` int(11) DEFAULT NULL COMMENT '目標活動的 ID（適用於活動類型）',
  `apply_to_all` tinyint(1) DEFAULT 0 COMMENT '是否適用於所有商品/租賃/活動（不包含會員）',
  `apply_to_product` tinyint(1) DEFAULT 0 COMMENT '是否適用所有商品',
  `apply_to_rent` tinyint(1) DEFAULT 0 COMMENT '是否適用所有租賃',
  `apply_to_activity` tinyint(1) DEFAULT 0 COMMENT '是否適用所有活動',
  `apply_to_users` tinyint(1) DEFAULT 0 COMMENT '是否適用於所有會員',
  `condition_type` enum('生日月份','會員等級') DEFAULT NULL COMMENT '附加條件類型（生日月份或會員等級）',
  `condition_value` varchar(255) DEFAULT NULL COMMENT '附加條件值（例如：生日月份或等級編號）'
) ENGINE=InnoDB DEFAULT CHARSET=utf8 COLLATE=utf8_general_ci;

--
-- 傾印資料表的資料 `coupon_targets`
--

INSERT INTO `coupon_targets` (`id`, `coupon_id`, `variant_id`, `rent_item_id`, `activity_id`, `apply_to_all`, `apply_to_product`, `apply_to_rent`, `apply_to_activity`, `apply_to_users`, `condition_type`, `condition_value`) VALUES
(1, 2, 101, NULL, NULL, 0, 1, 0, 0, 1, NULL, NULL),
(2, 3, NULL, 201, NULL, 0, 0, 1, 0, 1, NULL, NULL),
(3, 4, NULL, NULL, 301, 0, 0, 0, 1, 1, NULL, NULL),
(4, 6, NULL, NULL, NULL, 0, 0, 0, 0, 0, '生日月份', '5'),
(5, 7, NULL, NULL, NULL, 0, 0, 0, 0, 0, '會員等級', 'VIP'),
(6, 8, 102, NULL, NULL, 0, 1, 0, 0, 0, '會員等級', '新會員'),
(7, 9, NULL, 202, NULL, 0, 0, 1, 0, 1, NULL, NULL),
(8, 10, NULL, NULL, 302, 0, 0, 0, 1, 1, NULL, NULL),
(9, 12, 101, NULL, NULL, 0, 1, 0, 0, 1, NULL, NULL),
(10, 13, NULL, 201, NULL, 0, 0, 1, 0, 1, NULL, NULL),
(11, 14, NULL, NULL, 301, 0, 0, 0, 1, 1, NULL, NULL),
(12, 16, NULL, NULL, NULL, 0, 0, 0, 0, 0, '生日月份', '7'),
(13, 17, NULL, NULL, NULL, 0, 0, 0, 0, 0, '會員等級', 'VIP'),
(14, 18, 102, NULL, NULL, 0, 1, 0, 0, 0, '會員等級', '新會員'),
(15, 19, NULL, 202, NULL, 0, 0, 1, 0, 1, NULL, NULL),
(16, 20, NULL, NULL, 302, 0, 0, 0, 1, 1, NULL, NULL),
(17, 22, 101, NULL, NULL, 0, 1, 0, 0, 0, '會員等級', '新會員'),
(18, 23, NULL, 201, NULL, 0, 0, 1, 0, 1, NULL, NULL),
(19, 24, NULL, NULL, 301, 0, 0, 0, 1, 0, NULL, NULL),
(20, 26, NULL, NULL, NULL, 0, 0, 0, 0, 0, '生日月份', '07'),
(21, 27, NULL, NULL, NULL, 0, 0, 0, 0, 0, '會員等級', 'VIP'),
(22, 28, 102, NULL, NULL, 0, 1, 0, 0, 1, NULL, NULL),
(23, 29, NULL, 202, NULL, 0, 0, 1, 0, 0, NULL, NULL),
(24, 30, NULL, NULL, 302, 0, 0, 0, 1, 1, NULL, NULL),
(25, 33, NULL, NULL, NULL, 1, 1, 0, 0, 0, '會員等級', '白銀會員'),
(26, 34, NULL, NULL, NULL, 1, 1, 0, 0, 0, '會員等級', '黃金會員'),
(27, 35, NULL, NULL, NULL, 1, 1, 0, 0, 0, '會員等級', '新用戶'),
(28, 36, NULL, NULL, NULL, 1, 1, 0, 0, 0, '會員等級', '新用戶'),
(29, 37, NULL, NULL, NULL, 1, 1, 0, 0, 0, '生日月份', '當月'),
(30, 38, NULL, NULL, NULL, 1, 1, 0, 0, 0, '生日月份', '當月'),
(31, 41, NULL, NULL, NULL, 1, 1, 0, 0, 0, '會員等級', '白銀會員'),
(32, 42, NULL, NULL, NULL, 1, 1, 0, 0, 0, '會員等級', '黃金會員'),
(33, 43, NULL, NULL, NULL, 1, 1, 0, 0, 0, '會員等級', '新用戶'),
(34, 44, NULL, NULL, NULL, 1, 1, 0, 0, 0, '會員等級', '新用戶'),
(35, 45, NULL, NULL, NULL, 1, 1, 0, 0, 0, '生日月份', '3'),
(36, 46, NULL, NULL, NULL, 1, 1, 0, 0, 0, '生日月份', '3'),
(37, 49, NULL, NULL, NULL, 1, 1, 0, 0, 0, '會員等級', '青銅會員'),
(38, 50, NULL, NULL, NULL, 1, 1, 0, 0, 0, '會員等級', '新用戶');

-- --------------------------------------------------------

--
-- 資料表結構 `coupon_type`
--

CREATE TABLE `coupon_type` (
  `id` int(11) NOT NULL COMMENT '唯一識別碼',
  `coupon_id` int(11) NOT NULL COMMENT '對應 coupon.id，優惠券的 ID',
  `applicable_type` enum('全館','商品','租賃','活動','會員專屬') NOT NULL COMMENT '優惠券適用範圍（全館、商品、租賃、活動、會員專屬）'
) ENGINE=InnoDB DEFAULT CHARSET=utf8 COLLATE=utf8_general_ci;

--
-- 傾印資料表的資料 `coupon_type`
--

INSERT INTO `coupon_type` (`id`, `coupon_id`, `applicable_type`) VALUES
(1, 1, '全館'),
(2, 2, '商品'),
(3, 3, '租賃'),
(4, 4, '活動'),
(5, 5, '全館'),
(6, 6, '會員專屬'),
(7, 7, '會員專屬'),
(8, 8, '會員專屬'),
(9, 9, '租賃'),
(10, 10, '活動'),
(11, 11, '全館'),
(12, 12, '商品'),
(13, 13, '租賃'),
(14, 14, '活動'),
(15, 15, '全館'),
(16, 16, '會員專屬'),
(17, 17, '會員專屬'),
(18, 18, '會員專屬'),
(19, 19, '租賃'),
(20, 20, '活動'),
(21, 21, '全館'),
(22, 22, '商品'),
(23, 23, '租賃'),
(24, 24, '活動'),
(25, 25, '全館'),
(26, 26, '會員專屬'),
(27, 27, '會員專屬'),
(28, 28, '商品'),
(29, 29, '租賃'),
(30, 30, '活動'),
(31, 31, '租賃'),
(32, 32, '活動'),
(33, 33, '租賃'),
(34, 34, '活動'),
(35, 35, '租賃'),
(36, 36, '活動'),
(37, 37, '租賃'),
(38, 38, '活動'),
(39, 39, '租賃'),
(40, 40, '活動'),
(41, 41, '租賃'),
(42, 42, '活動'),
(43, 43, '租賃'),
(44, 44, '活動'),
(45, 45, '租賃'),
(46, 46, '活動'),
(47, 47, '租賃'),
(48, 48, '活動'),
(49, 49, '租賃'),
(50, 50, '活動');

-- --------------------------------------------------------

--
-- 資料表結構 `coupon_usage`
--

CREATE TABLE `coupon_usage` (
  `id` int(11) NOT NULL COMMENT '唯一識別碼',
  `coupon_id` int(11) NOT NULL COMMENT '對應 coupon.id',
  `users_id` int(11) NOT NULL COMMENT '用戶 ID',
  `used_at` datetime NOT NULL COMMENT '使用時間',
  `status` enum('已領取','已使用','已過期') NOT NULL COMMENT '優惠券狀態',
  `is_deleted` tinyint(1) DEFAULT 0 COMMENT '是否刪除（若取消優惠券使用）'
) ENGINE=InnoDB DEFAULT CHARSET=utf8 COLLATE=utf8_general_ci;

--
-- 傾印資料表的資料 `coupon_usage`
--

INSERT INTO `coupon_usage` (`id`, `coupon_id`, `users_id`, `used_at`, `status`, `is_deleted`) VALUES
(1, 1, 1, '2024-01-21 10:00:00', '已使用', 0),
(2, 1, 2, '2024-01-12 10:05:00', '已使用', 0),
(3, 1, 3, '0000-00-00 00:00:00', '已過期', 1),
(4, 1, 4, '2024-01-12 10:05:00', '已使用', 0),
(5, 1, 5, '2024-01-21 10:00:00', '已使用', 0),
(6, 1, 6, '0000-00-00 00:00:00', '已過期', 1),
(7, 1, 7, '2024-01-21 10:00:00', '已使用', 0),
(8, 1, 8, '2024-01-12 10:05:00', '已使用', 0),
(9, 2, 9, '2024-06-02 11:00:00', '已使用', 0),
(10, 2, 10, '2024-06-02 11:05:00', '已使用', 0),
(11, 2, 11, '0000-00-00 00:00:00', '已過期', 1),
(12, 2, 12, '2024-06-02 11:15:00', '已使用', 0),
(13, 2, 13, '2024-06-02 11:20:00', '已使用', 0),
(14, 2, 14, '0000-00-00 00:00:00', '已過期', 1),
(15, 2, 15, '2024-06-02 11:30:00', '已使用', 0),
(16, 3, 16, '2024-04-03 09:00:00', '已使用', 0),
(17, 3, 17, '2024-04-03 09:05:00', '已使用', 0),
(18, 3, 18, '0000-00-00 00:00:00', '已過期', 1),
(19, 3, 19, '2024-04-03 09:15:00', '已使用', 0),
(20, 3, 20, '2024-04-03 09:20:00', '已使用', 0),
(21, 3, 21, '0000-00-00 00:00:00', '已過期', 1),
(22, 4, 22, '2024-01-22 14:00:00', '已使用', 0),
(23, 4, 23, '2024-01-04 14:15:00', '已使用', 0),
(24, 4, 24, '0000-00-00 00:00:00', '已過期', 1),
(25, 4, 25, '2024-01-04 14:15:00', '已使用', 0),
(26, 4, 26, '2024-01-22 14:00:00', '已使用', 0),
(27, 4, 27, '0000-00-00 00:00:00', '已過期', 1),
(28, 4, 28, '2024-01-22 14:00:00', '已使用', 0),
(29, 4, 29, '2024-01-04 14:15:00', '已使用', 0),
(30, 5, 30, '2024-05-05 08:00:00', '已使用', 0),
(31, 5, 31, '2024-05-11 14:00:00', '已使用', 0),
(32, 5, 32, '0000-00-00 00:00:00', '已過期', 1),
(33, 5, 33, '2024-05-11 14:00:00', '已使用', 0),
(34, 5, 34, '2024-05-05 08:00:00', '已使用', 0),
(35, 5, 35, '0000-00-00 00:00:00', '已過期', 1),
(36, 5, 36, '2024-05-05 08:00:00', '已使用', 0),
(37, 5, 37, '2024-05-11 14:00:00', '已使用', 0),
(38, 6, 38, '2024-03-06 16:00:00', '已使用', 0),
(39, 6, 39, '2024-03-11 15:05:00', '已使用', 0),
(40, 6, 40, '0000-00-00 00:00:00', '已過期', 1),
(41, 6, 41, '2024-03-11 15:05:00', '已使用', 0),
(42, 6, 42, '2024-03-06 16:00:00', '已使用', 0),
(43, 6, 43, '0000-00-00 00:00:00', '已過期', 1),
(44, 6, 44, '2024-03-06 16:00:00', '已使用', 0),
(45, 7, 45, '2024-04-07 12:00:00', '已使用', 0),
(46, 7, 46, '2024-04-07 12:05:00', '已使用', 0),
(47, 7, 47, '0000-00-00 00:00:00', '已過期', 1),
(48, 7, 48, '2024-04-07 12:15:00', '已使用', 0),
(49, 7, 49, '2024-04-07 12:20:00', '已使用', 0),
(50, 7, 50, '0000-00-00 00:00:00', '已過期', 1),
(51, 8, 51, '2024-01-08 13:00:00', '已使用', 0),
(52, 8, 52, '2024-01-08 13:05:00', '已使用', 0),
(53, 8, 1, '0000-00-00 00:00:00', '已過期', 1),
(54, 8, 2, '2024-01-08 13:15:00', '已使用', 0),
(55, 8, 3, '2024-01-08 13:00:00', '已使用', 0),
(56, 8, 4, '0000-00-00 00:00:00', '已過期', 1),
(57, 8, 5, '2024-01-08 13:00:00', '已使用', 0),
(58, 8, 6, '2024-01-08 13:15:00', '已使用', 0),
(59, 9, 7, '2024-04-09 10:00:00', '已使用', 0),
(60, 9, 8, '2024-04-09 10:05:00', '已使用', 0),
(61, 9, 9, '0000-00-00 00:00:00', '已過期', 1),
(62, 9, 10, '2024-04-09 10:15:00', '已使用', 0),
(63, 9, 11, '2024-04-09 10:20:00', '已使用', 0),
(64, 9, 12, '0000-00-00 00:00:00', '已過期', 1),
(65, 9, 13, '2024-04-09 10:30:00', '已使用', 0),
(66, 9, 14, '2024-04-09 10:35:00', '已使用', 0),
(67, 10, 15, '2024-01-10 15:00:00', '已使用', 0),
(68, 10, 16, '2024-01-11 19:05:00', '已使用', 0),
(69, 10, 17, '0000-00-00 00:00:00', '已過期', 1),
(70, 10, 18, '2024-01-11 19:05:00', '已使用', 0),
(71, 10, 19, '2024-01-10 15:00:00', '已使用', 0),
(72, 10, 20, '0000-00-00 00:00:00', '已過期', 1),
(73, 10, 21, '2024-01-10 15:00:00', '已使用', 0),
(74, 10, 22, '2024-01-11 19:05:00', '已使用', 0),
(75, 10, 23, '2024-01-10 15:00:00', '已使用', 0),
(76, 1, 24, '2024-01-12 10:05:00', '已使用', 0),
(77, 1, 25, '2024-01-11 10:05:00', '已使用', 0),
(78, 2, 26, '0000-00-00 00:00:00', '已過期', 1),
(79, 2, 27, '2024-06-07 11:05:00', '已使用', 0),
(80, 3, 28, '2024-06-11 12:00:00', '已使用', 0),
(81, 3, 29, '2024-06-11 12:05:00', '已使用', 0),
(82, 4, 30, '0000-00-00 00:00:00', '已過期', 1),
(83, 4, 31, '2024-01-04 14:15:00', '已使用', 0),
(84, 4, 32, '2024-01-22 14:00:00', '已使用', 0),
(85, 5, 33, '2024-05-11 14:00:00', '已使用', 0),
(86, 5, 34, '2024-05-05 08:00:00', '已使用', 0),
(87, 5, 35, '0000-00-00 00:00:00', '已過期', 1),
(88, 6, 36, '2024-03-06 16:00:00', '已使用', 0),
(89, 6, 37, '2024-03-11 15:05:00', '已使用', 0),
(90, 7, 38, '0000-00-00 00:00:00', '已過期', 1),
(91, 7, 39, '2024-04-11 16:05:00', '已使用', 0),
(92, 8, 40, '2024-01-08 13:15:00', '已使用', 0),
(93, 8, 41, '0000-00-00 00:00:00', '已過期', 1),
(94, 9, 42, '2024-04-11 18:00:00', '已使用', 0),
(95, 9, 43, '2024-04-11 18:05:00', '已使用', 0),
(96, 9, 44, '0000-00-00 00:00:00', '已過期', 1),
(97, 10, 45, '2024-01-10 15:00:00', '已使用', 0),
(98, 10, 46, '2024-01-11 19:05:00', '已使用', 0),
(99, 10, 47, '0000-00-00 00:00:00', '已過期', 1),
(100, 10, 48, '2024-01-11 19:05:00', '已使用', 0),
(101, 11, 49, '0000-00-00 00:00:00', '已過期', 1),
(102, 12, 50, '0000-00-00 00:00:00', '已過期', 1),
(103, 12, 51, '2024-02-15 12:10:00', '已使用', 0),
(104, 12, 52, '0000-00-00 00:00:00', '已過期', 1),
(105, 12, 1, '2024-02-15 12:15:00', '已使用', 0),
(106, 13, 2, '0000-00-00 00:00:00', '已過期', 1),
(107, 13, 3, '2024-03-15 12:05:00', '已使用', 0),
(108, 14, 4, '0000-00-00 00:00:00', '已過期', 1),
(109, 14, 5, '2024-04-15 12:05:00', '已使用', 0),
(110, 15, 6, '0000-00-00 00:00:00', '已過期', 1),
(111, 15, 7, '2024-05-15 12:05:00', '已使用', 0),
(112, 15, 8, '2024-05-15 12:10:00', '已使用', 0),
(113, 15, 9, '2024-05-15 12:15:00', '已使用', 0),
(114, 15, 10, '0000-00-00 00:00:00', '已過期', 1),
(115, 16, 11, '0000-00-00 00:00:00', '已過期', 1),
(116, 16, 12, '2024-06-15 12:05:00', '已使用', 0),
(117, 17, 13, '0000-00-00 00:00:00', '已過期', 1),
(118, 17, 14, '2024-07-15 12:05:00', '已使用', 0),
(119, 18, 15, '0000-00-00 00:00:00', '已過期', 1),
(120, 18, 16, '2024-08-15 12:05:00', '已使用', 0),
(121, 19, 17, '0000-00-00 00:00:00', '已過期', 1),
(122, 19, 18, '2024-09-15 12:05:00', '已使用', 0),
(123, 20, 19, '0000-00-00 00:00:00', '已過期', 1),
(124, 20, 20, '2024-10-15 12:05:00', '已使用', 0),
(125, 20, 21, '2024-10-15 12:10:00', '已使用', 0),
(126, 11, 22, '2024-01-20 12:00:00', '已使用', 0),
(127, 11, 23, '2024-01-22 12:15:00', '已使用', 0),
(128, 12, 24, '0000-00-00 00:00:00', '已過期', 1),
(129, 12, 25, '2024-02-15 12:15:00', '已使用', 0),
(130, 12, 26, '2024-02-22 12:00:00', '已使用', 0),
(131, 12, 27, '0000-00-00 00:00:00', '已過期', 1),
(132, 13, 28, '2024-03-03 12:05:00', '已使用', 0),
(133, 13, 29, '2024-03-15 12:05:00', '已使用', 0),
(134, 14, 30, '0000-00-00 00:00:00', '已過期', 1),
(135, 14, 31, '2024-04-15 12:05:00', '已使用', 0),
(136, 15, 32, '0000-00-00 00:00:00', '已過期', 1),
(137, 15, 33, '2024-05-05 12:05:00', '已使用', 0),
(138, 15, 34, '2024-05-29 12:00:00', '已使用', 0),
(139, 15, 35, '2024-05-05 12:05:00', '已使用', 0),
(140, 15, 36, '0000-00-00 00:00:00', '已過期', 1),
(141, 16, 37, '2024-06-06 12:00:00', '已使用', 0),
(142, 16, 38, '2024-06-06 12:05:00', '已使用', 0),
(143, 17, 39, '0000-00-00 00:00:00', '已過期', 1),
(144, 17, 40, '2024-07-07 12:05:00', '已使用', 0),
(145, 18, 41, '2024-08-08 12:00:00', '已使用', 0),
(146, 18, 42, '2024-08-08 12:05:00', '已使用', 0),
(147, 19, 43, '0000-00-00 00:00:00', '已過期', 1),
(148, 19, 44, '2024-09-09 12:05:00', '已使用', 0),
(149, 20, 45, '2024-10-10 12:00:00', '已使用', 0),
(150, 20, 46, '0000-00-00 00:00:00', '已過期', 1),
(151, 11, 47, '2024-01-22 12:15:00', '已使用', 0),
(152, 11, 48, '2024-01-20 12:00:00', '已使用', 0),
(153, 12, 49, '0000-00-00 00:00:00', '已過期', 1),
(154, 12, 50, '2024-02-22 12:00:00', '已使用', 0),
(155, 12, 51, '2024-02-15 12:15:00', '已使用', 0),
(156, 12, 52, '0000-00-00 00:00:00', '已過期', 1),
(157, 13, 1, '2024-03-15 12:05:00', '已使用', 0),
(158, 13, 2, '2024-03-03 12:05:00', '已使用', 0),
(159, 14, 3, '0000-00-00 00:00:00', '已過期', 1),
(160, 14, 4, '2024-04-04 12:05:00', '已使用', 0),
(161, 15, 5, '0000-00-00 00:00:00', '已過期', 1),
(162, 15, 6, '2024-05-29 12:00:00', '已使用', 0),
(163, 15, 7, '2024-05-05 12:05:00', '已使用', 0),
(164, 15, 8, '2024-05-29 12:00:00', '已使用', 0),
(165, 15, 9, '0000-00-00 00:00:00', '已過期', 1),
(166, 16, 10, '2024-06-06 12:00:00', '已使用', 0),
(167, 16, 11, '2024-06-06 12:05:00', '已使用', 0),
(168, 17, 12, '0000-00-00 00:00:00', '已過期', 1),
(169, 17, 13, '2024-07-07 12:05:00', '已使用', 0),
(170, 18, 14, '2024-08-08 12:00:00', '已使用', 0),
(171, 18, 15, '2024-08-08 12:05:00', '已使用', 0),
(172, 19, 16, '0000-00-00 00:00:00', '已過期', 1),
(173, 19, 17, '2024-09-09 12:05:00', '已使用', 0),
(174, 20, 18, '2024-10-10 12:00:00', '已使用', 0),
(175, 20, 19, '0000-00-00 00:00:00', '已過期', 1),
(176, 11, 20, '2024-01-20 12:00:00', '已使用', 0),
(177, 11, 21, '2024-01-21 12:05:00', '已使用', 0),
(178, 11, 22, '0000-00-00 00:00:00', '已過期', 1),
(179, 11, 23, '2024-01-22 12:15:00', '已使用', 0),
(180, 12, 24, '2024-02-22 12:00:00', '已使用', 0),
(181, 12, 25, '2024-02-23 12:05:00', '已使用', 0),
(182, 12, 26, '0000-00-00 00:00:00', '已過期', 1),
(183, 12, 27, '2024-02-24 12:15:00', '已使用', 0),
(184, 12, 28, '2024-02-25 12:20:00', '已使用', 0),
(185, 12, 29, '0000-00-00 00:00:00', '已過期', 1),
(186, 12, 30, '2024-02-26 12:30:00', '已使用', 0),
(187, 12, 31, '2024-02-27 12:35:00', '已使用', 0),
(188, 13, 32, '2024-03-02 12:00:00', '已使用', 0),
(189, 13, 33, '2024-03-02 12:05:00', '已使用', 0),
(190, 13, 34, '0000-00-00 00:00:00', '已過期', 1),
(191, 13, 35, '2024-03-03 12:15:00', '已使用', 0),
(192, 14, 36, '0000-00-00 00:00:00', '已過期', 1),
(193, 14, 37, '2024-04-29 12:05:00', '已使用', 0),
(194, 14, 38, '0000-00-00 00:00:00', '已過期', 1),
(195, 14, 39, '2024-04-28 12:15:00', '已使用', 0),
(196, 15, 40, '2024-05-29 12:00:00', '已使用', 0),
(197, 15, 41, '2024-05-29 12:05:00', '已使用', 0),
(198, 15, 42, '0000-00-00 00:00:00', '已過期', 1),
(199, 15, 43, '2024-05-29 12:15:00', '已使用', 0),
(200, 15, 44, '2024-05-29 12:20:00', '已使用', 0),
(201, 15, 45, '0000-00-00 00:00:00', '已過期', 1),
(202, 15, 46, '2024-05-29 12:30:00', '已使用', 0),
(203, 15, 47, '2024-05-31 12:35:00', '已使用', 0),
(204, 15, 48, '0000-00-00 00:00:00', '已過期', 1),
(205, 15, 49, '2024-05-31 12:45:00', '已使用', 0),
(206, 16, 50, '2024-06-14 12:00:00', '已使用', 0),
(207, 16, 51, '2024-06-14 12:05:00', '已使用', 0),
(208, 16, 52, '0000-00-00 00:00:00', '已過期', 1),
(209, 16, 1, '2024-06-14 12:15:00', '已使用', 0),
(210, 17, 2, '0000-00-00 00:00:00', '已過期', 1),
(211, 17, 3, '2024-07-07 12:05:00', '已使用', 0),
(212, 17, 4, '0000-00-00 00:00:00', '已過期', 1),
(213, 17, 5, '2024-07-07 12:15:00', '已使用', 0),
(214, 18, 6, '2024-08-08 12:00:00', '已使用', 0),
(215, 18, 7, '2024-08-08 12:05:00', '已使用', 0),
(216, 18, 8, '0000-00-00 00:00:00', '已過期', 1),
(217, 18, 9, '2024-08-08 12:15:00', '已使用', 0),
(218, 19, 10, '0000-00-00 00:00:00', '已過期', 1),
(219, 19, 11, '2024-09-09 12:05:00', '已使用', 0),
(220, 19, 12, '0000-00-00 00:00:00', '已過期', 1),
(221, 19, 13, '2024-09-09 12:15:00', '已使用', 0),
(222, 20, 14, '2024-10-10 12:00:00', '已使用', 0),
(223, 20, 15, '2024-10-10 12:05:00', '已使用', 0),
(224, 20, 16, '0000-00-00 00:00:00', '已過期', 1),
(225, 20, 17, '2024-10-10 12:15:00', '已使用', 0),
(226, 21, 18, '2024-11-15 10:00:00', '已使用', 0),
(227, 21, 19, '0000-00-00 00:00:00', '已過期', 1),
(228, 21, 20, '2024-11-15 10:10:00', '已使用', 0),
(229, 21, 21, '0000-00-00 00:00:00', '已過期', 1),
(230, 21, 22, '0000-00-00 00:00:00', '已過期', 1),
(231, 22, 23, '2024-10-16 10:00:00', '已使用', 0),
(232, 22, 24, '0000-00-00 00:00:00', '已過期', 1),
(233, 22, 25, '2024-10-16 10:10:00', '已使用', 0),
(234, 22, 26, '0000-00-00 00:00:00', '已過期', 1),
(235, 22, 27, '0000-00-00 00:00:00', '已過期', 1),
(236, 23, 28, '2024-09-17 10:00:00', '已使用', 0),
(237, 23, 29, '0000-00-00 00:00:00', '已過期', 1),
(238, 23, 30, '2024-09-17 10:10:00', '已使用', 0),
(239, 23, 31, '0000-00-00 00:00:00', '已過期', 1),
(240, 23, 32, '0000-00-00 00:00:00', '已過期', 1),
(241, 24, 33, '2024-08-18 10:00:00', '已使用', 0),
(242, 24, 34, '0000-00-00 00:00:00', '已過期', 1),
(243, 24, 35, '2024-08-18 10:10:00', '已使用', 0),
(244, 24, 36, '0000-00-00 00:00:00', '已過期', 1),
(245, 24, 37, '0000-00-00 00:00:00', '已過期', 1),
(246, 25, 38, '2024-07-19 10:00:00', '已使用', 0),
(247, 25, 39, '0000-00-00 00:00:00', '已過期', 1),
(248, 25, 40, '2024-07-19 10:10:00', '已使用', 0),
(249, 25, 41, '0000-00-00 00:00:00', '已過期', 1),
(250, 25, 42, '0000-00-00 00:00:00', '已過期', 1),
(251, 26, 43, '2024-06-20 10:00:00', '已使用', 0),
(252, 26, 44, '0000-00-00 00:00:00', '已過期', 1),
(253, 26, 45, '2024-06-20 10:10:00', '已使用', 0),
(254, 26, 46, '0000-00-00 00:00:00', '已過期', 1),
(255, 26, 47, '0000-00-00 00:00:00', '已過期', 1),
(256, 27, 48, '2024-05-21 10:00:00', '已使用', 0),
(257, 27, 49, '0000-00-00 00:00:00', '已過期', 1),
(258, 27, 50, '2024-05-21 10:10:00', '已使用', 0),
(259, 27, 51, '0000-00-00 00:00:00', '已過期', 1),
(260, 27, 52, '0000-00-00 00:00:00', '已過期', 1),
(261, 28, 1, '2024-04-22 10:00:00', '已使用', 0),
(262, 28, 2, '0000-00-00 00:00:00', '已過期', 1),
(263, 28, 3, '2024-04-22 10:10:00', '已使用', 0),
(264, 28, 4, '0000-00-00 00:00:00', '已過期', 1),
(265, 28, 5, '0000-00-00 00:00:00', '已過期', 1),
(266, 29, 6, '2024-11-23 10:00:00', '已使用', 0),
(267, 29, 7, '0000-00-00 00:00:00', '已過期', 1),
(268, 29, 8, '2024-11-23 10:10:00', '已使用', 0),
(269, 29, 9, '0000-00-00 00:00:00', '已過期', 1),
(270, 29, 10, '0000-00-00 00:00:00', '已過期', 1),
(271, 30, 11, '2024-11-24 10:00:00', '已使用', 0),
(272, 30, 12, '0000-00-00 00:00:00', '已過期', 1),
(273, 30, 13, '2024-11-24 10:10:00', '已使用', 0),
(274, 30, 14, '0000-00-00 00:00:00', '已過期', 1),
(275, 30, 15, '0000-00-00 00:00:00', '已過期', 1),
(276, 21, 16, '2024-11-15 12:30:00', '已使用', 0),
(277, 21, 17, '0000-00-00 00:00:00', '已過期', 0),
(278, 21, 18, '2024-11-16 14:45:00', '已使用', 0),
(279, 22, 19, '2024-10-15 16:00:00', '已使用', 0),
(280, 22, 20, '0000-00-00 00:00:00', '已過期', 0),
(281, 22, 21, '2024-10-17 10:10:00', '已使用', 0),
(282, 23, 22, '2024-09-18 18:30:00', '已使用', 0),
(283, 23, 23, '0000-00-00 00:00:00', '已過期', 0),
(284, 23, 24, '2024-09-17 15:00:00', '已使用', 0),
(285, 24, 25, '2024-08-14 13:20:00', '已使用', 0),
(286, 24, 26, '0000-00-00 00:00:00', '已過期', 0),
(287, 24, 27, '2024-08-19 20:50:00', '已使用', 0),
(288, 25, 28, '2024-07-16 11:45:00', '已使用', 0),
(289, 25, 29, '0000-00-00 00:00:00', '已過期', 0),
(290, 25, 30, '2024-07-17 17:30:00', '已使用', 0),
(291, 26, 31, '2024-06-15 10:05:00', '已使用', 0),
(292, 26, 32, '0000-00-00 00:00:00', '已過期', 0),
(293, 26, 33, '2024-06-18 22:15:00', '已使用', 0),
(294, 27, 34, '2024-05-16 08:40:00', '已使用', 0),
(295, 27, 35, '0000-00-00 00:00:00', '已過期', 0),
(296, 27, 36, '2024-05-19 21:30:00', '已使用', 0),
(297, 28, 37, '2024-04-17 14:20:00', '已使用', 0),
(298, 28, 38, '0000-00-00 00:00:00', '已過期', 0),
(299, 28, 39, '2024-04-18 19:50:00', '已使用', 0),
(300, 29, 40, '2024-11-16 12:10:00', '已使用', 0),
(301, 29, 41, '0000-00-00 00:00:00', '已過期', 0),
(302, 29, 42, '2024-11-19 23:00:00', '已使用', 0),
(303, 30, 43, '2024-12-15 09:30:00', '已使用', 0),
(305, 31, 1, '2025-02-12 14:30:00', '已使用', 0),
(306, 32, 2, '2025-02-15 09:20:00', '已使用', 0),
(307, 33, 3, '2025-02-20 17:45:00', '已使用', 0),
(308, 34, 4, '2025-02-22 12:10:00', '已使用', 0),
(309, 35, 5, '2025-02-25 18:30:00', '已使用', 0),
(310, 36, 6, '2025-02-28 20:15:00', '已使用', 0),
(311, 37, 7, '2025-02-05 10:00:00', '已使用', 0),
(312, 38, 8, '2025-02-07 11:30:00', '已使用', 0),
(313, 39, 9, '2025-02-10 13:45:00', '已使用', 0),
(314, 40, 10, '2025-02-12 16:20:00', '已使用', 0),
(315, 41, 11, '2025-02-14 09:00:00', '已使用', 0),
(316, 42, 12, '2025-02-16 10:30:00', '已使用', 0),
(317, 43, 13, '2025-02-18 14:15:00', '已使用', 0),
(318, 44, 14, '2025-02-20 15:45:00', '已使用', 0),
(319, 45, 15, '2025-02-22 17:30:00', '已使用', 0),
(320, 46, 16, '2025-02-24 19:00:00', '已使用', 0),
(321, 47, 17, '2025-02-26 20:30:00', '已使用', 0),
(322, 48, 18, '2025-02-28 21:15:00', '已使用', 0),
(323, 49, 19, '2025-03-01 10:10:00', '已使用', 0),
(324, 50, 20, '2025-03-01 12:20:00', '已使用', 0),
(325, 31, 21, '2025-03-02 09:15:00', '已使用', 0),
(326, 32, 22, '2025-03-02 10:45:00', '已使用', 0),
(327, 33, 23, '2025-03-02 11:30:00', '已使用', 0),
(328, 34, 24, '2025-03-02 13:00:00', '已使用', 0),
(329, 35, 25, '2025-03-03 14:10:00', '已使用', 0),
(330, 36, 26, '2025-03-03 15:20:00', '已使用', 0),
(331, 37, 27, '2025-03-03 16:30:00', '已使用', 0),
(332, 38, 28, '2025-03-03 17:40:00', '已使用', 0),
(333, 39, 29, '2025-03-04 09:00:00', '已使用', 0),
(334, 40, 30, '2025-03-04 10:15:00', '已使用', 0),
(335, 41, 31, '2025-03-04 11:30:00', '已使用', 0),
(336, 42, 32, '2025-03-04 12:45:00', '已使用', 0),
(337, 43, 33, '2025-03-04 14:00:00', '已使用', 0),
(338, 44, 34, '2025-03-04 15:15:00', '已使用', 0),
(339, 45, 35, '2025-03-05 16:30:00', '已使用', 0),
(340, 46, 36, '2025-03-05 17:45:00', '已使用', 0),
(341, 47, 37, '2025-03-05 19:00:00', '已使用', 0),
(342, 48, 38, '2025-03-05 20:15:00', '已使用', 0),
(343, 49, 39, '2025-03-06 09:30:00', '已使用', 0),
(344, 50, 40, '2025-03-06 10:45:00', '已使用', 0),
(345, 31, 41, '2025-03-07 11:00:00', '已使用', 0),
(346, 32, 42, '2025-03-07 12:15:00', '已使用', 0),
(347, 33, 43, '2025-03-07 13:30:00', '已使用', 0),
(348, 34, 44, '2025-03-07 14:45:00', '已使用', 0),
(349, 35, 45, '2025-03-07 16:00:00', '已使用', 0),
(350, 36, 46, '2025-03-07 17:15:00', '已使用', 0),
(351, 37, 47, '2025-03-08 09:00:00', '已使用', 0),
(352, 38, 48, '2025-03-08 10:15:00', '已使用', 0),
(353, 39, 49, '2025-03-08 11:30:00', '已使用', 0),
(354, 40, 50, '2025-03-08 12:45:00', '已使用', 0);

-- --------------------------------------------------------

--
-- 資料表結構 `favorites`
--

CREATE TABLE `favorites` (
  `id` int(10) UNSIGNED NOT NULL,
  `user_id` int(11) NOT NULL,
  `product_id` int(11) NOT NULL,
  `activity_id` int(11) NOT NULL,
  `rental_id` int(11) NOT NULL,
  `created_at` timestamp NOT NULL DEFAULT current_timestamp()
) ENGINE=InnoDB DEFAULT CHARSET=utf8mb4 COLLATE=utf8mb4_unicode_ci;

-- --------------------------------------------------------

--
-- 資料表結構 `groups`
--

CREATE TABLE `groups` (
  `id` int(11) NOT NULL,
  `name` varchar(255) NOT NULL,
  `user_id` int(11) NOT NULL COMMENT '團主',
  `type` int(11) NOT NULL COMMENT '1:浮潛、2:自由潛水、3:水肺潛水、4:其他',
  `gender` int(11) NOT NULL COMMENT '1、不限性別，2、限男性，3、限女性',
  `groups_city_id` int(11) NOT NULL,
  `description` text DEFAULT NULL,
  `created_at` timestamp NOT NULL DEFAULT current_timestamp() ON UPDATE current_timestamp(),
  `sign_end_date` datetime NOT NULL,
  `max_number` int(11) NOT NULL,
  `date` date NOT NULL,
  `time` time NOT NULL,
  `status` int(11) NOT NULL DEFAULT 0 COMMENT '0:揪團中、1:已成團、2:已取消'
) ENGINE=InnoDB DEFAULT CHARSET=utf8mb4 COLLATE=utf8mb4_general_ci;

--
-- 傾印資料表的資料 `groups`
--

INSERT INTO `groups` (`id`, `name`, `user_id`, `type`, `gender`, `groups_city_id`, `description`, `created_at`, `sign_end_date`, `max_number`, `date`, `time`, `status`) VALUES
(1, '墾丁浮潛', 3, 1, 1, 1, '嗨，我是小豪，一個超愛潛水但這次缺旅伴的海洋迷！計劃這個月底去墾丁潛水，一起享受陽光、海風，還有那片五彩繽紛的海底世界～\n行程簡單介紹：\n日期： 1/31，成團後也可以再商量！\n地點： 墾丁熱門潛點（像是砂島、龍磐）\n人數： 需要 4 人才能湊團，目前只有我自己（哈哈！）\n期待的旅伴：\n新手或有經驗都沒問題！只要熱愛大海，想探索海底就好～\n性格隨和，喜歡交朋友，行程不會太趕，輕鬆玩！\n我的想法：\n可一起找教練（安全為主！）或自備裝備去輕裝潛。\n行程中還可以順便去墾丁大街吃美食、看日落拍照！\n預算大概每人 NT$ 2,500 左右（包含潛水費用）。\n如果你也有興趣，歡迎加入！', '2025-02-16 14:51:08', '2025-03-31 00:00:00', 3, '2025-04-12', '08:00:00', 0),
(5, '綠島自由潛水探險', 7, 2, 2, 5, '嗨，我想要找幾個朋友一起來挑戰深度並探索綠島海底世界。\n不知道你會不會有興趣？有興趣就快按下加入吧！', '2025-02-19 14:51:08', '2025-04-10 00:00:00', 6, '2025-04-18', '07:30:00', 0),
(6, '北海岸浮潛之旅', 5, 1, 1, 3, '一起來探索北海岸的壯麗海景與繽紛珊瑚礁吧！\n我們將揪團前往這片美麗的海域，體驗浮潛或潛水，近距離欣賞色彩斑斕的珊瑚和悠游的熱帶魚。\n如果你喜歡拍美照，這裡的海岸線、奇岩怪石和無敵海景絕對讓你收穫滿滿！\n不論你是新手還是老手，都能在專業教練的帶領下安心享受海洋的魅力。快來加入我們，一起感受陽光、海風，留下美好回憶吧！', '2025-02-02 08:36:24', '2025-03-15 00:00:00', 10, '2025-03-20', '08:00:00', 0);

-- --------------------------------------------------------

--
-- 資料表結構 `groups_image`
--

CREATE TABLE `groups_image` (
  `id` int(11) NOT NULL,
  `groups_id` int(11) NOT NULL,
  `name` varchar(255) NOT NULL,
  `img_url` varchar(20) NOT NULL,
  `is_main` tinyint(1) NOT NULL
) ENGINE=InnoDB DEFAULT CHARSET=utf8mb4 COLLATE=utf8mb4_general_ci;

--
-- 傾印資料表的資料 `groups_image`
--

INSERT INTO `groups_image` (`id`, `groups_id`, `name`, `img_url`, `is_main`) VALUES
(1, 1, '墾丁浮潛', '墾丁浮潛推薦.jpg', 1),
(2, 5, '綠島自由潛水探險', '下載.jpg', 1),
(3, 6, '北海岸浮潛之旅', 'images.jpg', 1);

-- --------------------------------------------------------

--
-- 資料表結構 `groups_​​participants`
--

CREATE TABLE `groups_​​participants` (
  `id` int(11) NOT NULL,
  `groups_id` int(11) NOT NULL,
  `user_id` int(11) NOT NULL
) ENGINE=InnoDB DEFAULT CHARSET=utf8mb4 COLLATE=utf8mb4_general_ci;

-- --------------------------------------------------------

--
-- 資料表結構 `orders`
--

CREATE TABLE `orders` (
  `id` int(10) UNSIGNED NOT NULL,
  `user_id` int(10) UNSIGNED NOT NULL,
  `total_price` decimal(10,2) NOT NULL,
  `status` enum('pending','paid','shipped','delivered','canceled') NOT NULL DEFAULT 'pending',
  `createdAt` datetime DEFAULT current_timestamp(),
  `updatedAt` datetime DEFAULT current_timestamp() ON UPDATE current_timestamp(),
  `payment_method` varchar(50) DEFAULT NULL,
  `transaction_id` varchar(255) DEFAULT NULL,
  `payment_time` datetime DEFAULT NULL,
  `payment_status` enum('pending','paid','failed','refunded') DEFAULT 'pending'
) ENGINE=InnoDB DEFAULT CHARSET=utf8mb4 COLLATE=utf8mb4_unicode_ci;

--
-- 傾印資料表的資料 `orders`
--

INSERT INTO `orders` (`id`, `user_id`, `total_price`, `status`, `createdAt`, `updatedAt`, `payment_method`, `transaction_id`, `payment_time`, `payment_status`) VALUES
(1, 1, 6300.00, 'paid', '2025-02-14 15:23:58', '2025-02-14 15:23:58', NULL, NULL, NULL, 'pending'),
(2, 2, 7500.00, 'pending', '2025-02-14 15:23:58', '2025-02-14 15:23:58', NULL, NULL, NULL, 'pending'),
(3, 2, 7500.00, 'pending', '2025-02-16 18:11:43', '2025-02-16 18:11:43', NULL, NULL, NULL, 'pending');

-- --------------------------------------------------------

--
-- 資料表結構 `order_activity_items`
--

CREATE TABLE `order_activity_items` (
  `id` int(10) UNSIGNED NOT NULL,
  `order_id` int(10) UNSIGNED NOT NULL,
  `activity_project_id` int(10) UNSIGNED NOT NULL,
  `quantity` int(11) NOT NULL DEFAULT 1,
  `date` date NOT NULL,
  `time` time NOT NULL,
  `total_price` decimal(10,2) NOT NULL,
  `createdAt` datetime DEFAULT current_timestamp()
) ENGINE=InnoDB DEFAULT CHARSET=utf8mb4 COLLATE=utf8mb4_unicode_ci;

-- --------------------------------------------------------

--
-- 資料表結構 `order_activity_travelers`
--

CREATE TABLE `order_activity_travelers` (
  `id` int(10) UNSIGNED NOT NULL,
  `order_activity_id` int(10) UNSIGNED NOT NULL,
  `is_representative` tinyint(1) NOT NULL DEFAULT 0,
  `traveler_cn_name` varchar(255) NOT NULL,
  `traveler_en_name` varchar(255) NOT NULL,
  `traveler_id_number` varchar(50) NOT NULL,
  `traveler_phone` varchar(50) DEFAULT NULL,
  `note` text DEFAULT NULL,
  `createdAt` datetime DEFAULT current_timestamp()
) ENGINE=InnoDB DEFAULT CHARSET=utf8mb4 COLLATE=utf8mb4_unicode_ci;

-- --------------------------------------------------------

--
-- 資料表結構 `order_items`
--

CREATE TABLE `order_items` (
  `id` int(10) UNSIGNED NOT NULL,
  `order_id` int(10) UNSIGNED NOT NULL,
  `variant_id` int(10) UNSIGNED NOT NULL,
  `quantity` int(11) NOT NULL DEFAULT 1,
  `price` decimal(10,2) NOT NULL,
  `createdAt` datetime DEFAULT current_timestamp(),
  `bundle_id` int(10) UNSIGNED DEFAULT NULL
) ENGINE=InnoDB DEFAULT CHARSET=utf8mb4 COLLATE=utf8mb4_unicode_ci;

--
-- 傾印資料表的資料 `order_items`
--

INSERT INTO `order_items` (`id`, `order_id`, `variant_id`, `quantity`, `price`, `createdAt`, `bundle_id`) VALUES
(1, 1, 1, 1, 4500.00, '2025-02-14 15:23:58', NULL),
(2, 1, 2, 1, 1800.00, '2025-02-14 15:23:58', NULL),
(3, 2, 3, 1, 7500.00, '2025-02-14 15:23:58', NULL),
(4, 3, 3, 1, 7500.00, '2025-02-16 18:11:43', NULL);

-- --------------------------------------------------------

--
-- 資料表結構 `order_rental_items`
--

CREATE TABLE `order_rental_items` (
  `id` int(10) UNSIGNED NOT NULL,
  `order_id` int(10) UNSIGNED NOT NULL,
  `rental_id` int(10) UNSIGNED NOT NULL,
  `start_date` date NOT NULL,
  `end_date` date NOT NULL,
  `quantity` int(11) NOT NULL DEFAULT 1,
  `price_per_day` decimal(10,2) NOT NULL,
  `total_price` decimal(10,2) NOT NULL,
  `deposit` decimal(10,2) NOT NULL,
  `createdAt` datetime DEFAULT current_timestamp()
) ENGINE=InnoDB DEFAULT CHARSET=utf8mb4 COLLATE=utf8mb4_unicode_ci;

--
-- 傾印資料表的資料 `order_rental_items`
--

INSERT INTO `order_rental_items` (`id`, `order_id`, `rental_id`, `start_date`, `end_date`, `quantity`, `price_per_day`, `total_price`, `deposit`, `createdAt`) VALUES
(1, 1, 1, '2025-03-01', '2025-03-05', 2, 100.00, 1000.00, 200.00, '2025-02-18 18:42:11');

-- --------------------------------------------------------

--
-- 資料表結構 `order_shipping_info`
--

CREATE TABLE `order_shipping_info` (
  `id` int(10) UNSIGNED NOT NULL,
  `order_id` int(10) UNSIGNED NOT NULL,
  `recipient_name` varchar(100) NOT NULL,
  `recipient_phone` varchar(20) NOT NULL,
  `shipping_address` text NOT NULL,
  `shipping_method` enum('home_delivery','convenience_store') NOT NULL,
  `store_id` varchar(50) DEFAULT NULL,
  `store_name` varchar(100) DEFAULT NULL,
  `store_address` text DEFAULT NULL,
  `createdAt` datetime DEFAULT current_timestamp()
) ENGINE=InnoDB DEFAULT CHARSET=utf8mb4 COLLATE=utf8mb4_unicode_ci;

-- --------------------------------------------------------

--
-- 資料表結構 `product`
--

CREATE TABLE `product` (
  `id` int(10) UNSIGNED NOT NULL,
  `name` varchar(255) NOT NULL,
  `description` text DEFAULT NULL,
  `brand_id` int(10) UNSIGNED DEFAULT NULL,
  `category_id` int(10) UNSIGNED DEFAULT NULL,
  `createdAt` datetime DEFAULT current_timestamp(),
  `updatedAt` datetime DEFAULT current_timestamp() ON UPDATE current_timestamp()
) ENGINE=InnoDB DEFAULT CHARSET=utf8mb4 COLLATE=utf8mb4_unicode_ci;

--
-- 傾印資料表的資料 `product`
--

INSERT INTO `product` (`id`, `name`, `description`, `brand_id`, `category_id`, `createdAt`, `updatedAt`) VALUES
(1, 'Scubapro 防寒衣', '高品質潛水防寒衣', 1, 2, '2025-02-14 15:23:58', '2025-02-14 15:23:58'),
(2, 'Mares 面鏡', '寬視角高透光潛水面鏡', 2, 1, '2025-02-14 15:23:58', '2025-02-14 15:23:58'),
(3, 'Aqualung 調節器', '可靠的潛水調節器', 3, 3, '2025-02-14 15:23:58', '2025-02-14 15:23:58');

-- --------------------------------------------------------

--
-- 資料表結構 `product_accessories`
--

CREATE TABLE `product_accessories` (
  `id` int(10) UNSIGNED NOT NULL,
  `product_id` int(10) UNSIGNED NOT NULL,
  `accessory_product_id` int(10) UNSIGNED NOT NULL,
  `createdAt` datetime DEFAULT current_timestamp(),
  `updatedAt` datetime DEFAULT current_timestamp() ON UPDATE current_timestamp()
) ENGINE=InnoDB DEFAULT CHARSET=utf8mb4 COLLATE=utf8mb4_unicode_ci;

-- --------------------------------------------------------

--
-- 資料表結構 `product_bundle`
--

CREATE TABLE `product_bundle` (
  `id` int(10) UNSIGNED NOT NULL,
  `name` varchar(255) NOT NULL,
  `description` text DEFAULT NULL,
  `discount_price` decimal(10,2) DEFAULT NULL,
  `createdAt` datetime DEFAULT current_timestamp(),
  `updatedAt` datetime DEFAULT current_timestamp() ON UPDATE current_timestamp()
) ENGINE=InnoDB DEFAULT CHARSET=utf8mb4 COLLATE=utf8mb4_unicode_ci;

-- --------------------------------------------------------

--
-- 資料表結構 `product_bundle_items`
--

CREATE TABLE `product_bundle_items` (
  `id` int(10) UNSIGNED NOT NULL,
  `bundle_id` int(10) UNSIGNED NOT NULL,
  `product_id` int(10) UNSIGNED NOT NULL,
  `variant_required` tinyint(1) DEFAULT 0,
  `quantity` int(11) NOT NULL DEFAULT 1,
  `createdAt` datetime DEFAULT current_timestamp(),
  `updatedAt` datetime DEFAULT current_timestamp() ON UPDATE current_timestamp()
) ENGINE=InnoDB DEFAULT CHARSET=utf8mb4 COLLATE=utf8mb4_unicode_ci;

-- --------------------------------------------------------

--
-- 資料表結構 `product_details`
--

CREATE TABLE `product_details` (
  `id` int(10) UNSIGNED NOT NULL,
  `product_id` int(10) UNSIGNED NOT NULL,
  `content` text NOT NULL,
  `sort_order` int(11) DEFAULT 0,
  `createdAt` datetime DEFAULT current_timestamp(),
  `updatedAt` datetime DEFAULT current_timestamp() ON UPDATE current_timestamp()
) ENGINE=InnoDB DEFAULT CHARSET=utf8mb4 COLLATE=utf8mb4_unicode_ci;

-- --------------------------------------------------------

--
-- 資料表結構 `product_images`
--

CREATE TABLE `product_images` (
  `id` int(10) UNSIGNED NOT NULL,
  `product_id` int(10) UNSIGNED NOT NULL,
  `variant_id` int(10) UNSIGNED DEFAULT NULL,
  `image_url` varchar(255) NOT NULL,
  `image_type` enum('main','detail') NOT NULL DEFAULT 'main',
  `description` text DEFAULT NULL,
  `is_main` tinyint(1) DEFAULT 0,
  `sort_order` int(11) DEFAULT 0,
  `createdAt` datetime DEFAULT current_timestamp(),
  `updatedAt` datetime DEFAULT current_timestamp() ON UPDATE current_timestamp()
) ENGINE=InnoDB DEFAULT CHARSET=utf8mb4 COLLATE=utf8mb4_unicode_ci;

--
-- 傾印資料表的資料 `product_images`
--

INSERT INTO `product_images` (`id`, `product_id`, `variant_id`, `image_url`, `image_type`, `description`, `is_main`, `sort_order`, `createdAt`, `updatedAt`) VALUES
(1, 2, 2, 'product_23_1732963039_0.jpg', 'main', NULL, 1, 0, '2025-02-16 14:39:30', '2025-02-16 15:01:59'),
(2, 2, 4, 'product_26_1733125376_1.jpg', 'main', NULL, 0, 0, '2025-02-16 14:58:34', '2025-02-16 15:19:12');

-- --------------------------------------------------------

--
-- 資料表結構 `product_variant`
--

CREATE TABLE `product_variant` (
  `id` int(10) UNSIGNED NOT NULL,
  `product_id` int(10) UNSIGNED NOT NULL,
  `color_id` int(10) UNSIGNED NOT NULL,
  `size_id` int(10) UNSIGNED NOT NULL,
  `stock` int(11) NOT NULL DEFAULT 0,
  `original_price` decimal(10,0) NOT NULL,
  `price` decimal(10,0) NOT NULL,
  `isDeleted` tinyint(1) DEFAULT 0,
  `deletedAt` datetime DEFAULT NULL,
  `createdAt` datetime DEFAULT current_timestamp(),
  `updatedAt` datetime DEFAULT current_timestamp() ON UPDATE current_timestamp()
) ENGINE=InnoDB DEFAULT CHARSET=utf8mb4 COLLATE=utf8mb4_unicode_ci;

--
-- 傾印資料表的資料 `product_variant`
--

INSERT INTO `product_variant` (`id`, `product_id`, `color_id`, `size_id`, `stock`, `original_price`, `price`, `isDeleted`, `deletedAt`, `createdAt`, `updatedAt`) VALUES
(1, 1, 1, 3, 10, 5000, 4500, 0, NULL, '2025-02-14 15:23:58', '2025-02-14 15:23:58'),
(2, 2, 2, 1, 15, 2000, 1800, 0, NULL, '2025-02-14 15:23:58', '2025-02-14 15:23:58'),
(3, 3, 3, 2, 8, 8000, 7500, 0, NULL, '2025-02-14 15:23:58', '2025-02-14 15:23:58'),
(4, 2, 2, 2, 100, 5000, 3000, 0, NULL, '2025-02-14 15:44:11', '2025-02-14 15:44:11');

-- --------------------------------------------------------

--
-- 資料表結構 `rent_brand`
--

CREATE TABLE `rent_brand` (
  `id` int(10) UNSIGNED NOT NULL,
  `name` varchar(255) DEFAULT NULL,
  `description` text DEFAULT NULL,
  `imgUrl` varchar(50) DEFAULT NULL
) ENGINE=InnoDB DEFAULT CHARSET=utf8mb4 COLLATE=utf8mb4_unicode_ci;

--
-- 傾印資料表的資料 `rent_brand`
--

INSERT INTO `rent_brand` (`id`, `name`, `description`, `imgUrl`) VALUES
(1, 'AGAWA', '', 'AGAWA.webp'),
(2, 'ALCHEMY', NULL, 'ALCHEMY.webp'),
(3, 'AMONG', '', 'AMONG.webp'),
(4, 'AP DIVING', '', 'AP DIVING.webp'),
(5, 'APNEA STORE', '', NULL),
(6, 'APNEAUTIC', '描述1', NULL),
(7, 'APOLLO', '描述1', 'APOLLO.webp'),
(8, 'AQUA LUNG', '描述1', 'AQUA LUNG.webp'),
(9, 'AROPEC', NULL, 'AROPEC.webp'),
(10, 'ATMOS', NULL, 'ATMOS.webp'),
(11, 'ATOMIC', NULL, 'ATOMIC.webp'),
(12, 'BARREL', '描述1', 'BARREL.webp'),
(13, 'BEUCHAT', '描述1', 'BEUCHAT.webp'),
(14, 'CARBONIO GFT', '描述1', 'CARBONIO GFT.webp'),
(15, 'CETMA', '描述1', 'CETMA.webp'),
(16, 'COCOLOA', '描述1', NULL),
(17, 'C4', '描述1', NULL),
(18, 'DAKINE', '描述1', NULL),
(19, 'DEEPBLU', '描述1', 'DEEPBLU.webp'),
(20, 'DiveR', '描述1', NULL),
(21, 'DIVE SYSTEM', '描述1', 'DIVE SYSTEM.webp'),
(22, 'DR.FILM', '描述1', NULL),
(23, 'EZDIVE', '描述1', 'EZDIVE.webp'),
(24, 'FREEN', '描述1', NULL),
(25, 'FREEDIVING PLANET', '描述1', 'FREEDIVING PLANET.webp'),
(26, 'GARMIN', '描述1', 'GARMIN.webp'),
(27, 'GOPRO', '描述1', 'GOPRO.webp'),
(28, 'GULL', '描述1', NULL),
(29, 'HOBBY LABELS', '描述1', 'HOBBY LABELS.webp'),
(30, 'IST', '描述1', NULL),
(31, 'LAZYFISH', '描述1', 'LAZYFISH.webp'),
(32, 'LEADERFINS', '描述1', 'LEADERFINS.webp'),
(33, 'LOONG DIVE', '描述1', NULL),
(34, 'LOBSTER', '描述1', 'LOBSTER.webp'),
(35, 'MARES', '描述1', 'MARES.webp'),
(36, 'MOBBY\'S', '描述1', NULL),
(37, 'MOLCHANOVS', '描述1', 'MOLCHANOVS.webp'),
(38, 'NU JUNE', '描述1', NULL),
(39, 'OK CHALLENGE', '描述1', NULL),
(40, 'OCEANIC', '描述1', NULL),
(41, 'OMER', '描述1', NULL),
(42, 'O\'NEILL', '描述1', 'O\'NEILL.webp'),
(43, 'PATHOS', '描述1', 'PATHOS.webp'),
(44, 'PENETRATOR', '描述1', 'PENETRATOR.webp'),
(45, 'PROBLUE', '描述1', NULL),
(46, 'REMAKE', '描述1', NULL),
(47, 'REYSON', '描述1', 'REYSON.webp'),
(48, 'SAEKODIVE', '描述1', NULL),
(49, 'SAS', '描述1', 'SAS.webp'),
(50, 'SCUBAPRO', '描述1', 'SCUBAPRO.webp'),
(51, 'SEA HAWK', '描述1', 'SEA HAWK.webp'),
(52, 'STREAM TRAIL', '描述1', 'STREAM TRAIL.webp'),
(53, 'SUBLUE', '描述1', 'SUBLUE.webp'),
(54, 'SEAC', '描述1', 'SEAC.webp'),
(55, 'SPECIALFINS', '描述1', NULL),
(56, 'SPORASUB', '描述1', 'SPORASUB.webp'),
(57, 'SUUNTO', '描述1', 'SUUNTO.webp'),
(58, 'SUIILA', '描述1', NULL),
(59, 'TRUDIVE', '描述1', NULL),
(60, 'TRYGONS', '描述1', 'TRYGONS.webp'),
(61, 'TUSA', '描述1', 'TUSA.webp'),
(62, 'WATERMAN', '描述1', 'WATERMAN.webp'),
(63, '123 UnderwaterLab', '描述1', NULL),
(64, '2 B FREE', '描述1', '2 B FREE.webp'),
(65, '其他', '描述1', NULL);

-- --------------------------------------------------------

--
-- 資料表結構 `rent_category_big`
--

CREATE TABLE `rent_category_big` (
  `id` int(10) NOT NULL,
  `name` varchar(255) NOT NULL,
  `description` varchar(255) NOT NULL
) ENGINE=InnoDB DEFAULT CHARSET=utf8mb4 COLLATE=utf8mb4_general_ci;

--
-- 傾印資料表的資料 `rent_category_big`
--

INSERT INTO `rent_category_big` (`id`, `name`, `description`) VALUES
(1, '面鏡/呼吸管', ''),
(2, '蛙鞋', ''),
(3, '潛水配件', ''),
(4, '電子裝備/專業配件', ''),
(5, '防寒衣物', ''),
(6, '包包攜行', ''),
(7, '魚槍/配件', ''),
(8, '生活小物', '');

-- --------------------------------------------------------

--
-- 資料表結構 `rent_category_small`
--

CREATE TABLE `rent_category_small` (
  `id` int(10) UNSIGNED NOT NULL,
  `name` varchar(255) NOT NULL,
  `description` varchar(255) DEFAULT NULL,
  `rent_category_big_id` int(10) NOT NULL
) ENGINE=InnoDB DEFAULT CHARSET=utf8mb4 COLLATE=utf8mb4_general_ci;

--
-- 傾印資料表的資料 `rent_category_small`
--

INSERT INTO `rent_category_small` (`id`, `name`, `description`, `rent_category_big_id`) VALUES
(1, '自由潛水面鏡', '', 1),
(2, '休閒潛水面鏡', '', 1),
(3, '度數鏡片面鏡', '', 1),
(4, '呼吸管', '', 1),
(5, '防霧劑/清潔劑', '', 1),
(6, '面鏡帶/面鏡盒/扣具', '', 1),
(7, '碳纖維長板', '', 2),
(8, '碳纖維短板', '', 2),
(9, '玻璃纖維長板', NULL, 2),
(10, '玻璃纖維短板', NULL, 2),
(11, '腳套', NULL, 2),
(12, '橡膠蛙鞋', NULL, 2),
(13, '塑膠蛙鞋', NULL, 2),
(14, '單蹼', NULL, 2),
(15, '導水條/螺絲零件', NULL, 2),
(16, '挖鞋組裝服務', NULL, 2),
(17, '浮具', NULL, 3),
(18, '配重', NULL, 3),
(19, '鼻夾', NULL, 3),
(20, '照明', NULL, 3),
(21, '潛水刀', NULL, 3),
(22, '安全繩', NULL, 3),
(23, '其他/訓練小物', NULL, 3),
(24, '潛水電腦錶', NULL, 4),
(25, 'GOPRO', NULL, 4),
(26, '水中推進器', NULL, 4),
(27, '配件/其他', NULL, 4),
(28, '泳衣款防寒衣', NULL, 5),
(29, '自潛一件式防寒衣', NULL, 5),
(30, '自潛兩件式防寒衣', NULL, 5),
(31, '迷彩系列防寒衣', NULL, 5),
(32, '水肺溼式防寒衣', NULL, 5),
(33, '水肺乾式防寒衣', NULL, 5),
(34, '帽類/頭套', NULL, 5),
(35, '外套/毛巾衣', NULL, 5),
(36, '上衣', NULL, 5),
(37, '手套', NULL, 5),
(38, '下著', NULL, 5),
(39, '襪套', NULL, 5),
(40, '套鞋', NULL, 5),
(41, '零件/其他', NULL, 5),
(42, '長蛙鞋袋', NULL, 6),
(43, '短蛙鞋袋', NULL, 6),
(44, '單蹼蛙鞋袋', NULL, 6),
(45, '後背包', NULL, 6),
(46, '單肩包', NULL, 6),
(47, '腰包/防水機能袋', NULL, 6),
(48, '裝備袋/箱', NULL, 6),
(49, '配件/其他6', NULL, 6),
(50, '魚槍', NULL, 7),
(51, '魚鏢', NULL, 7),
(52, '橡皮', NULL, 7),
(53, '線繩', NULL, 7),
(54, '捲線器', NULL, 7),
(55, '其他', NULL, 7),
(56, '生活相關', NULL, 8),
(57, '戶外生活', NULL, 8),
(58, '休閒服飾', NULL, 8),
(59, '優惠票券', NULL, 8),
(60, '相關書籍', NULL, 8),
(61, '防水盒/口罩', NULL, 8),
(62, '飾品', NULL, 8),
(63, '貼紙', NULL, 8);

-- --------------------------------------------------------

--
-- 資料表結構 `rent_color`
--

CREATE TABLE `rent_color` (
  `id` int(10) UNSIGNED NOT NULL,
  `name` varchar(255) DEFAULT NULL,
  `rgb` varchar(20) NOT NULL COMMENT '色碼'
) ENGINE=InnoDB DEFAULT CHARSET=utf8mb4 COLLATE=utf8mb4_unicode_ci;

--
-- 傾印資料表的資料 `rent_color`
--

INSERT INTO `rent_color` (`id`, `name`, `rgb`) VALUES
(1, '碳黑', '#252621'),
(2, '海軍藍', '#1F2343'),
(3, '透明白', '#EDF0EF'),
(4, '銀色', '#D4D3CD'),
(5, '粉紅', '#F388B5'),
(6, '青色', '#3FC3F0'),
(7, '霧黑', '#41423F'),
(8, '檸檬黃', '#CAD929'),
(9, '紫色', '#9B5A9B'),
(10, '深藍', '#3E5989'),
(11, '黑色', '#000000'),
(12, '冰藍', '#73C8B9'),
(13, '白色', '#E9E5E2'),
(14, '亮藍', '#3B41E1'),
(15, '紅色', '#FC1621'),
(16, '桃紅', '#FD5AB3'),
(17, '鈦灰', '#685E5B'),
(18, '環礁藍', '#016777'),
(19, '黃色', '#D9C43B'),
(20, '深紫', '#5C327D'),
(21, '珊瑚', '#DB7268'),
(22, '春天藍', '#4A758F'),
(23, '杏仁綠', '#D3E6D6'),
(24, '淡藍', '#CADCEB'),
(25, '碳纖紋', '#9D9D9D'),
(26, '蛇紋迷彩', '#BDB5A1'),
(27, '迷彩', '#978978'),
(28, '海藍迷彩', '#2F5A92'),
(29, '磚紅', '#9E2D1F'),
(30, '晨曦金', '#D3CB9C'),
(31, '海盜黑', '#4C4C4C'),
(32, '全黑矽膠', '#0A1312'),
(33, '藍色', '#02248D'),
(34, '專業黑', '#040608'),
(35, '霸氣金', '#F5B037'),
(36, '蘋果綠', '#30ABB8'),
(37, '亮桃紅', '#E272AF'),
(38, '冷光銀', '#C7C7C8'),
(39, '透明藍', '#1B2AFD'),
(40, '透明/白框', '#FEFFFC'),
(41, '透明/黑框', '#030303'),
(42, '透明/粉框', '#F86289'),
(43, '透明/藍框', '#03B8E6'),
(44, '黑月迷彩', '#272727'),
(45, '灰棕迷彩', '#89766D'),
(46, '綠迷彩', '#278960'),
(47, '潮綠迷彩', '#255248'),
(48, '黑框/灰', '#8A8E91'),
(49, '黑框/紅', '#D62725'),
(50, '橘框/綠', '#E4541F'),
(51, '米框/咖', '#564232'),
(52, '黃框/黑', '#2E3130'),
(53, '紅框/黑', '#353535'),
(54, '石灰白', '#E7E7E7'),
(55, '起司黃', '#FFE720'),
(56, '棕色', '#41342D'),
(57, '霧黑', '#090C0B'),
(58, '霧白', '#F6F6F6'),
(59, '靛藍', '#2D5081'),
(60, '青框黑', '#01BED5'),
(61, '暗紅框黑', '#C02656'),
(62, '亮黃框黑', '#F8F7A0'),
(63, '白框黑', '#ECEAE9'),
(64, '水藍框透明', '#00ACC0'),
(65, '黃框透明', '#F3E80F'),
(66, '藍框透明', '#86AFE5'),
(67, '寶藍框透明', '#364299'),
(68, '桃紅框透明', '#A21C51'),
(69, '紅框黑', '#FF7EA9'),
(70, '綠框黑', '#A3F4BD'),
(71, '橘框透明', '#FFC488'),
(72, '橘框黑', '#F87B51'),
(73, '藍框黑', '#003372'),
(74, '黑框透明', '#4D4F4E'),
(75, '全透明', '#DBDBDB'),
(76, '白框透明', '#EEEFEB'),
(77, '白框白', '#E4E3E6'),
(78, '火石紅', '#933821'),
(79, '海洋迷彩', '#1B5D9E'),
(80, '黑灰', '#87868A'),
(81, '黑紅', '#483F40'),
(82, '黑黃', '#AFAB59'),
(83, '岩石迷彩', '#AC7858'),
(84, '海草迷彩', '#444916'),
(85, '珊瑚迷彩', '#5A2F26');

-- --------------------------------------------------------

--
-- 資料表結構 `rent_image`
--

CREATE TABLE `rent_image` (
  `id` int(10) UNSIGNED NOT NULL,
  `rent_item_id` int(10) NOT NULL,
  `name` varchar(255) NOT NULL,
  `img_url` varchar(255) NOT NULL,
  `is_main` tinyint(1) NOT NULL COMMENT '是否為主要展示圖片',
  `is_deleted` tinyint(1) NOT NULL COMMENT '0: 未刪除, 1: 已刪除'
) ENGINE=InnoDB DEFAULT CHARSET=utf8mb4 COLLATE=utf8mb4_general_ci;

--
-- 傾印資料表的資料 `rent_image`
--

INSERT INTO `rent_image` (`id`, `rent_item_id`, `name`, `img_url`, `is_main`, `is_deleted`) VALUES
(1, 1, '1739334129135-276699084.jpg', '/uploads/1739334129135-276699084.jpg', 0, 0),
(2, 1, '1739334129137-87431837.jpg', '/uploads/1739334129137-87431837.jpg', 0, 0),
(3, 1, '1739334129140-685783505.jpg', '/uploads/1739334129140-685783505.jpg', 1, 0),
(4, 2, '1739334146788-781960183.jpg', '/uploads/1739334146788-781960183.jpg', 0, 0),
(5, 2, '1739334146788-310900230.jpg', '/uploads/1739334146788-310900230.jpg', 0, 0),
(6, 2, '1739334146789-950633223.jpg', '/uploads/1739334146789-950633223.jpg', 0, 0),
(7, 2, '1739334146789-427649119.jpg', '/uploads/1739334146789-427649119.jpg', 0, 0),
(8, 2, '1739334146789-99730912.jpg', '/uploads/1739334146789-99730912.jpg', 1, 0),
(9, 2, '1739334146789-980566092.jpg', '/uploads/1739334146789-980566092.jpg', 0, 0),
(10, 3, '1739334218457-842229272.jpg', '/uploads/1739334218457-842229272.jpg', 0, 0),
(11, 3, '1739334218457-47479406.jpg', '/uploads/1739334218457-47479406.jpg', 0, 0),
(12, 3, '1739334218457-446771939.jpg', '/uploads/1739334218457-446771939.jpg', 1, 0),
(13, 4, '1739334367004-514396786.jpg', '/uploads/1739334367004-514396786.jpg', 0, 0),
(14, 4, '1739334367005-459670367.jpg', '/uploads/1739334367005-459670367.jpg', 0, 0),
(15, 4, '1739334367006-964576960.jpg', '/uploads/1739334367006-964576960.jpg', 0, 0),
(16, 4, '1739334367008-478876588.jpg', '/uploads/1739334367008-478876588.jpg', 0, 0),
(17, 4, '1739334367013-326949701.jpg', '/uploads/1739334367013-326949701.jpg', 0, 0),
(18, 4, '1739334367016-115511680.jpg', '/uploads/1739334367016-115511680.jpg', 0, 0),
(19, 4, '1739334367018-698036073.jpg', '/uploads/1739334367018-698036073.jpg', 0, 0),
(20, 4, '1739334367022-217379283.jpg', '/uploads/1739334367022-217379283.jpg', 0, 0),
(21, 4, '1739334367026-977174818.jpg', '/uploads/1739334367026-977174818.jpg', 1, 0),
(22, 5, '1739334457360-336746050.jpg', '/uploads/1739334457360-336746050.jpg', 0, 0),
(23, 5, '1739334457362-588825492.jpg', '/uploads/1739334457362-588825492.jpg', 1, 0),
(24, 5, '1739334457363-671225002.jpg', '/uploads/1739334457363-671225002.jpg', 0, 0),
(25, 6, '1739334605648-771891591.jpg', '/uploads/1739334605648-771891591.jpg', 0, 0),
(26, 6, '1739334605649-678013535.jpg', '/uploads/1739334605649-678013535.jpg', 0, 0),
(27, 6, '1739334605650-920919957.jpg', '/uploads/1739334605650-920919957.jpg', 0, 0),
(28, 6, '1739334605651-3059659.jpg', '/uploads/1739334605651-3059659.jpg', 1, 0),
(29, 7, '1739334731264-312182861.jpg', '/uploads/1739334731264-312182861.jpg', 0, 0),
(30, 7, '1739334731264-923607425.jpg', '/uploads/1739334731264-923607425.jpg', 0, 0),
(31, 7, '1739334731265-788426568.jpg', '/uploads/1739334731265-788426568.jpg', 0, 0),
(32, 7, '1739334731266-821525570.jpg', '/uploads/1739334731266-821525570.jpg', 0, 0),
(33, 7, '1739334731267-208064340.jpg', '/uploads/1739334731267-208064340.jpg', 0, 0),
(34, 7, '1739334731268-571119482.jpg', '/uploads/1739334731268-571119482.jpg', 1, 0),
(35, 8, '1739334804613-132818046.jpg', '/uploads/1739334804613-132818046.jpg', 0, 0),
(36, 8, '1739334804615-674069537.jpg', '/uploads/1739334804615-674069537.jpg', 0, 0),
(37, 8, '1739334804616-616341123.jpg', '/uploads/1739334804616-616341123.jpg', 1, 0),
(38, 9, '1739336294447-297182072.jpg', '/uploads/1739336294447-297182072.jpg', 0, 0),
(39, 9, '1739336294452-252393140.jpg', '/uploads/1739336294452-252393140.jpg', 0, 0),
(40, 9, '1739336294454-167462128.jpg', '/uploads/1739336294454-167462128.jpg', 0, 0),
(41, 9, '1739336294456-352241777.jpg', '/uploads/1739336294456-352241777.jpg', 0, 0),
(42, 9, '1739336294457-32353934.jpg', '/uploads/1739336294457-32353934.jpg', 0, 0),
(43, 9, '1739336294458-947984055.jpg', '/uploads/1739336294458-947984055.jpg', 0, 0),
(44, 9, '1739336294460-9325382.jpg', '/uploads/1739336294460-9325382.jpg', 0, 0),
(45, 9, '1739336294461-968313936.jpg', '/uploads/1739336294461-968313936.jpg', 0, 0),
(46, 9, '1739336294461-37291525.jpg', '/uploads/1739336294461-37291525.jpg', 0, 0),
(47, 9, '1739336294464-476570668.jpg', '/uploads/1739336294464-476570668.jpg', 0, 0),
(48, 9, '1739336294466-574160442.jpg', '/uploads/1739336294466-574160442.jpg', 1, 0),
(49, 10, '1739336449577-942611110.jpg', '/uploads/1739336449577-942611110.jpg', 0, 0),
(50, 10, '1739336449579-726881367.jpg', '/uploads/1739336449579-726881367.jpg', 1, 0),
(51, 11, '1739336497783-895721636.jpg', '/uploads/1739336497783-895721636.jpg', 1, 0),
(52, 12, '1739336580736-755492046.jpg', '/uploads/1739336580736-755492046.jpg', 0, 0),
(53, 12, '1739336580738-779056655.jpg', '/uploads/1739336580738-779056655.jpg', 0, 0),
(54, 12, '1739336580739-3697279.jpg', '/uploads/1739336580739-3697279.jpg', 0, 0),
(55, 12, '1739336580740-295013135.jpg', '/uploads/1739336580740-295013135.jpg', 0, 0),
(56, 12, '1739336580740-337924375.jpg', '/uploads/1739336580740-337924375.jpg', 1, 0),
(57, 13, '1739336703082-853280637.jpg', '/uploads/1739336703082-853280637.jpg', 0, 0),
(58, 13, '1739336703083-917609739.jpg', '/uploads/1739336703083-917609739.jpg', 0, 0),
(59, 13, '1739336703084-137675294.jpg', '/uploads/1739336703084-137675294.jpg', 0, 0),
(60, 13, '1739336703085-754236225.jpg', '/uploads/1739336703085-754236225.jpg', 0, 0),
(61, 13, '1739336703086-532624533.jpg', '/uploads/1739336703086-532624533.jpg', 0, 0),
(62, 13, '1739336703087-860530565.jpg', '/uploads/1739336703087-860530565.jpg', 0, 0),
(63, 13, '1739336703088-467984931.jpg', '/uploads/1739336703088-467984931.jpg', 0, 0),
(64, 13, '1739336703089-168237150.jpg', '/uploads/1739336703089-168237150.jpg', 0, 0),
(65, 13, '1739336703090-920477118.jpg', '/uploads/1739336703090-920477118.jpg', 0, 0),
(66, 13, '1739336703090-942840123.jpg', '/uploads/1739336703090-942840123.jpg', 1, 0),
(67, 14, '1739336741334-116539958.jpg', '/uploads/1739336741334-116539958.jpg', 1, 0),
(68, 15, '1739336843709-197815760.jpg', '/uploads/1739336843709-197815760.jpg', 1, 0),
(69, 16, '1739336873613-822759627.jpg', '/uploads/1739336873613-822759627.jpg', 1, 0),
(70, 17, '1739336927517-222560149.jpg', '/uploads/1739336927517-222560149.jpg', 1, 0),
(71, 18, '1739336964766-433138909.jpg', '/uploads/1739336964766-433138909.jpg', 1, 0),
(72, 19, '1739337019861-614436960.jpg', '/uploads/1739337019861-614436960.jpg', 0, 0),
(73, 19, '1739337019861-249372816.jpg', '/uploads/1739337019861-249372816.jpg', 1, 0),
(74, 20, '1739337145921-871200739.jpg', '/uploads/1739337145921-871200739.jpg', 0, 0),
(75, 20, '1739337145921-411176865.jpg', '/uploads/1739337145921-411176865.jpg', 0, 0),
(76, 20, '1739337145921-191946808.jpg', '/uploads/1739337145921-191946808.jpg', 0, 0),
(77, 20, '1739337145923-307611715.jpg', '/uploads/1739337145923-307611715.jpg', 0, 0),
(78, 20, '1739337145923-499956846.jpg', '/uploads/1739337145923-499956846.jpg', 0, 0),
(79, 20, '1739337145924-722313707.jpg', '/uploads/1739337145924-722313707.jpg', 0, 0),
(80, 20, '1739337145925-44618225.jpg', '/uploads/1739337145925-44618225.jpg', 0, 0),
(81, 20, '1739337145927-669232976.jpg', '/uploads/1739337145927-669232976.jpg', 0, 0),
(82, 20, '1739337145929-498483881.jpg', '/uploads/1739337145929-498483881.jpg', 1, 0),
(83, 21, '1739337247175-470502695.jpg', '/uploads/1739337247175-470502695.jpg', 0, 0),
(84, 21, '1739337247175-939244982.jpg', '/uploads/1739337247175-939244982.jpg', 0, 0),
(85, 21, '1739337247176-77152444.jpg', '/uploads/1739337247176-77152444.jpg', 0, 0),
(86, 21, '1739337247177-324253522.jpg', '/uploads/1739337247177-324253522.jpg', 0, 0),
(87, 21, '1739337247178-679295293.jpg', '/uploads/1739337247178-679295293.jpg', 0, 0),
(88, 21, '1739337247179-194759585.jpg', '/uploads/1739337247179-194759585.jpg', 0, 0),
(89, 21, '1739337247180-595488789.jpg', '/uploads/1739337247180-595488789.jpg', 1, 0),
(90, 22, '1739337291495-951309604.jpg', '/uploads/1739337291495-951309604.jpg', 1, 0),
(91, 23, '1739337377055-947787237.jpg', '/uploads/1739337377055-947787237.jpg', 0, 0),
(92, 23, '1739337377057-326971689.jpg', '/uploads/1739337377057-326971689.jpg', 0, 0),
(93, 23, '1739337377059-378527732.jpg', '/uploads/1739337377059-378527732.jpg', 0, 0),
(94, 23, '1739337377060-35063175.jpg', '/uploads/1739337377060-35063175.jpg', 0, 0),
(95, 23, '1739337377062-973764487.jpg', '/uploads/1739337377062-973764487.jpg', 0, 0),
(96, 23, '1739337377064-254469000.jpg', '/uploads/1739337377064-254469000.jpg', 0, 0),
(97, 23, '1739337377065-125931095.jpg', '/uploads/1739337377065-125931095.jpg', 1, 0),
(98, 23, '1739337377066-213131349.jpg', '/uploads/1739337377066-213131349.jpg', 0, 0),
(99, 24, '1739337472112-903408640.jpg', '/uploads/1739337472112-903408640.jpg', 0, 0),
(100, 24, '1739337472114-166090605.jpg', '/uploads/1739337472114-166090605.jpg', 0, 0),
(101, 24, '1739337472114-676494351.jpg', '/uploads/1739337472114-676494351.jpg', 0, 0),
(102, 24, '1739337472115-37932498.jpg', '/uploads/1739337472115-37932498.jpg', 0, 0),
(103, 24, '1739337472116-281275263.jpg', '/uploads/1739337472116-281275263.jpg', 0, 0),
(104, 24, '1739337472117-890507058.jpg', '/uploads/1739337472117-890507058.jpg', 0, 0),
(105, 24, '1739337472118-431749674.jpg', '/uploads/1739337472118-431749674.jpg', 0, 0),
(106, 24, '1739337472119-196422189.jpg', '/uploads/1739337472119-196422189.jpg', 0, 0),
(107, 24, '1739337472120-610535592.jpg', '/uploads/1739337472120-610535592.jpg', 0, 0),
(108, 24, '1739337472123-996451654.jpg', '/uploads/1739337472123-996451654.jpg', 1, 0),
(109, 24, '1739337472123-416910176.jpg', '/uploads/1739337472123-416910176.jpg', 0, 0),
(110, 24, '1739337472124-967436478.jpg', '/uploads/1739337472124-967436478.jpg', 0, 0),
(111, 25, '1739337552005-474300372.jpg', '/uploads/1739337552005-474300372.jpg', 0, 0),
(112, 25, '1739337552006-717757609.jpg', '/uploads/1739337552006-717757609.jpg', 0, 0),
(113, 25, '1739337552008-673062370.jpg', '/uploads/1739337552008-673062370.jpg', 1, 0),
(114, 26, '1739337608309-63721781.jpg', '/uploads/1739337608309-63721781.jpg', 0, 0),
(115, 26, '1739337608309-256461142.jpg', '/uploads/1739337608309-256461142.jpg', 1, 0),
(116, 27, '1739338948341-981593331.jpg', '/uploads/1739338948341-981593331.jpg', 0, 0),
(117, 27, '1739338948343-216920561.jpg', '/uploads/1739338948343-216920561.jpg', 0, 0),
(118, 27, '1739338948344-427360133.jpg', '/uploads/1739338948344-427360133.jpg', 0, 0),
(119, 27, '1739338948346-210704855.jpg', '/uploads/1739338948346-210704855.jpg', 0, 0),
(120, 27, '1739338948348-520984872.jpg', '/uploads/1739338948348-520984872.jpg', 1, 0),
(121, 28, '1739339011701-646666417.jpg', '/uploads/1739339011701-646666417.jpg', 0, 0),
(122, 28, '1739339011701-856393335.jpg', '/uploads/1739339011701-856393335.jpg', 0, 0),
(123, 28, '1739339011702-785349335.jpg', '/uploads/1739339011702-785349335.jpg', 1, 0),
(124, 28, '1739339011703-124703056.jpg', '/uploads/1739339011703-124703056.jpg', 0, 0),
(125, 29, '1739339472943-185074207.jpg', '/uploads/1739339472943-185074207.jpg', 0, 0),
(126, 29, '1739339472944-143759618.jpg', '/uploads/1739339472944-143759618.jpg', 0, 0),
(127, 29, '1739339472945-269969500.jpg', '/uploads/1739339472945-269969500.jpg', 0, 0),
(128, 29, '1739339472946-807625614.jpg', '/uploads/1739339472946-807625614.jpg', 0, 0),
(129, 29, '1739339472947-304582330.jpg', '/uploads/1739339472947-304582330.jpg', 0, 0),
(130, 29, '1739339472948-417070617.jpg', '/uploads/1739339472948-417070617.jpg', 0, 0),
(131, 29, '1739339472949-106352238.jpg', '/uploads/1739339472949-106352238.jpg', 0, 0),
(132, 29, '1739339472950-253989004.jpg', '/uploads/1739339472950-253989004.jpg', 0, 0),
(133, 29, '1739339472951-633992430.jpg', '/uploads/1739339472951-633992430.jpg', 0, 0),
(134, 29, '1739339472951-550201826.jpg', '/uploads/1739339472951-550201826.jpg', 0, 0),
(135, 29, '1739339472952-594038929.jpg', '/uploads/1739339472952-594038929.jpg', 0, 0),
(136, 29, '1739339472953-894682401.jpg', '/uploads/1739339472953-894682401.jpg', 0, 0),
(137, 29, '1739339472954-784369315.jpg', '/uploads/1739339472954-784369315.jpg', 1, 0),
(138, 30, '1739339515315-422692806.jpg', '/uploads/1739339515315-422692806.jpg', 1, 0),
(139, 31, '1739339641715-861021575.jpg', '/uploads/1739339641715-861021575.jpg', 1, 0),
(140, 32, '1739339706277-506359362.jpg', '/uploads/1739339706277-506359362.jpg', 0, 0),
(141, 32, '1739339706279-428328298.jpg', '/uploads/1739339706279-428328298.jpg', 0, 0),
(142, 32, '1739339706281-331112352.jpg', '/uploads/1739339706281-331112352.jpg', 0, 0),
(143, 32, '1739339706282-894421919.jpg', '/uploads/1739339706282-894421919.jpg', 0, 0),
(144, 32, '1739339706283-915989918.jpg', '/uploads/1739339706283-915989918.jpg', 1, 0),
(145, 33, '1739339753539-846232276.jpg', '/uploads/1739339753539-846232276.jpg', 1, 0),
(146, 33, '1739339753539-105641623.jpg', '/uploads/1739339753539-105641623.jpg', 0, 0),
(147, 34, '1739339805108-788336163.jpg', '/uploads/1739339805108-788336163.jpg', 1, 0),
(148, 34, '1739339805108-228044499.jpg', '/uploads/1739339805108-228044499.jpg', 0, 0),
(149, 35, '1739339862692-50710559.jpg', '/uploads/1739339862692-50710559.jpg', 0, 0),
(150, 35, '1739339862694-959925862.jpg', '/uploads/1739339862694-959925862.jpg', 0, 0),
(151, 35, '1739339862695-908842691.jpg', '/uploads/1739339862695-908842691.jpg', 0, 0),
(152, 35, '1739339862697-588691538.jpg', '/uploads/1739339862697-588691538.jpg', 1, 0),
(153, 37, '1739340030310-248374135.jpg', '/uploads/1739340030310-248374135.jpg', 0, 0),
(154, 37, '1739340030311-158821524.jpg', '/uploads/1739340030311-158821524.jpg', 0, 0),
(155, 37, '1739340030312-742155870.jpg', '/uploads/1739340030312-742155870.jpg', 0, 0),
(156, 37, '1739340030313-884951051.jpg', '/uploads/1739340030313-884951051.jpg', 0, 0),
(157, 37, '1739340030314-867438973.jpg', '/uploads/1739340030314-867438973.jpg', 0, 0),
(158, 37, '1739340030314-368922280.jpg', '/uploads/1739340030314-368922280.jpg', 0, 0),
(159, 37, '1739340030316-253473848.jpg', '/uploads/1739340030316-253473848.jpg', 0, 0),
(160, 37, '1739340030317-679103220.jpg', '/uploads/1739340030317-679103220.jpg', 1, 0),
(161, 38, '1739340093483-143261527.jpg', '/uploads/1739340093483-143261527.jpg', 1, 0),
(162, 38, '1739340093484-680182475.jpg', '/uploads/1739340093484-680182475.jpg', 0, 0),
(163, 38, '1739340093484-239283886.jpg', '/uploads/1739340093484-239283886.jpg', 0, 0),
(164, 38, '1739340093484-709615487.jpg', '/uploads/1739340093484-709615487.jpg', 0, 0),
(165, 39, '1739340132564-922250675.jpg', '/uploads/1739340132564-922250675.jpg', 1, 0),
(166, 39, '1739340132564-194073117.jpg', '/uploads/1739340132564-194073117.jpg', 0, 0),
(167, 39, '1739340132564-914669540.jpg', '/uploads/1739340132564-914669540.jpg', 0, 0),
(168, 39, '1739340132564-287186333.jpg', '/uploads/1739340132564-287186333.jpg', 0, 0),
(169, 40, '1739340332612-195850798.jpg', '/uploads/1739340332612-195850798.jpg', 1, 0),
(170, 40, '1739340332612-199120675.jpg', '/uploads/1739340332612-199120675.jpg', 0, 0),
(171, 40, '1739340332613-735769598.jpg', '/uploads/1739340332613-735769598.jpg', 0, 0),
(172, 40, '1739340332613-860148111.jpg', '/uploads/1739340332613-860148111.jpg', 0, 0),
(173, 41, '1739341014854-574420446.jpg', '/uploads/1739341014854-574420446.jpg', 0, 0),
(174, 41, '1739341014855-340815555.jpg', '/uploads/1739341014855-340815555.jpg', 1, 0),
(175, 41, '1739341014855-111071091.jpg', '/uploads/1739341014855-111071091.jpg', 0, 0),
(176, 41, '1739341014856-537385316.jpg', '/uploads/1739341014856-537385316.jpg', 0, 0),
(177, 41, '1739341014857-397596710.jpg', '/uploads/1739341014857-397596710.jpg', 0, 0),
(178, 41, '1739341014857-940058960.jpg', '/uploads/1739341014857-940058960.jpg', 0, 0),
(179, 41, '1739341014857-537557019.jpg', '/uploads/1739341014857-537557019.jpg', 0, 0),
(180, 41, '1739341014859-148607537.jpg', '/uploads/1739341014859-148607537.jpg', 0, 0),
(181, 42, '1739341066214-317526340.jpg', '/uploads/1739341066214-317526340.jpg', 0, 0),
(182, 42, '1739341066214-973694867.jpg', '/uploads/1739341066214-973694867.jpg', 0, 0),
(183, 42, '1739341066215-321170685.jpg', '/uploads/1739341066215-321170685.jpg', 0, 0),
(184, 42, '1739341066217-922048125.jpg', '/uploads/1739341066217-922048125.jpg', 0, 0),
(185, 42, '1739341066217-410918813.jpg', '/uploads/1739341066217-410918813.jpg', 0, 0),
(186, 42, '1739341066219-171609364.jpg', '/uploads/1739341066219-171609364.jpg', 0, 0),
(187, 42, '1739341066220-642289150.jpg', '/uploads/1739341066220-642289150.jpg', 0, 0),
(188, 42, '1739341066221-596413862.jpg', '/uploads/1739341066221-596413862.jpg', 0, 0),
(189, 42, '1739341066222-688880271.jpg', '/uploads/1739341066222-688880271.jpg', 1, 0),
(190, 43, '1739341099410-111531759.jpg', '/uploads/1739341099410-111531759.jpg', 1, 0),
(191, 44, '1739341147069-832798657.jpg', '/uploads/1739341147069-832798657.jpg', 1, 0),
(192, 44, '1739341147069-78247054.jpg', '/uploads/1739341147069-78247054.jpg', 0, 0),
(193, 44, '1739341147069-160944451.jpg', '/uploads/1739341147069-160944451.jpg', 0, 0),
(194, 44, '1739341147069-722663345.jpg', '/uploads/1739341147069-722663345.jpg', 0, 0),
(195, 44, '1739341147070-563715816.jpg', '/uploads/1739341147070-563715816.jpg', 0, 0),
(196, 45, '1739341201695-931207511.jpg', '/uploads/1739341201695-931207511.jpg', 0, 0),
(197, 45, '1739341201695-896720005.jpg', '/uploads/1739341201695-896720005.jpg', 0, 0),
(198, 45, '1739341201695-664447264.jpg', '/uploads/1739341201695-664447264.jpg', 0, 0),
(199, 45, '1739341201696-510009861.jpg', '/uploads/1739341201696-510009861.jpg', 0, 0),
(200, 45, '1739341201696-785132632.jpg', '/uploads/1739341201696-785132632.jpg', 0, 0),
(201, 45, '1739341201696-618232707.jpg', '/uploads/1739341201696-618232707.jpg', 0, 0),
(202, 45, '1739341201696-653817528.jpg', '/uploads/1739341201696-653817528.jpg', 1, 0),
(203, 45, '1739341201697-79651019.jpg', '/uploads/1739341201697-79651019.jpg', 0, 0),
(204, 45, '1739341201698-427681430.jpg', '/uploads/1739341201698-427681430.jpg', 0, 0),
(205, 45, '1739341201698-217971.jpg', '/uploads/1739341201698-217971.jpg', 0, 0),
(206, 46, '1739341242971-926524460.jpg', '/uploads/1739341242971-926524460.jpg', 1, 0),
(207, 47, '1739341273302-469817470.jpg', '/uploads/1739341273302-469817470.jpg', 1, 0),
(208, 47, '1739341273302-100996321.jpg', '/uploads/1739341273302-100996321.jpg', 0, 0),
(209, 48, '1739341307567-941987224.jpg', '/uploads/1739341307567-941987224.jpg', 1, 0),
(210, 48, '1739341307569-519943408.jpg', '/uploads/1739341307569-519943408.jpg', 0, 0),
(211, 48, '1739341307569-670250520.jpg', '/uploads/1739341307569-670250520.jpg', 0, 0),
(212, 48, '1739341307571-979245046.jpg', '/uploads/1739341307571-979245046.jpg', 0, 0),
(213, 48, '1739341307572-678051709.jpg', '/uploads/1739341307572-678051709.jpg', 0, 0),
(214, 48, '1739341307572-564685557.jpg', '/uploads/1739341307572-564685557.jpg', 0, 0),
(215, 48, '1739341307573-517796484.jpg', '/uploads/1739341307573-517796484.jpg', 0, 0),
(216, 48, '1739341307573-828265637.jpg', '/uploads/1739341307573-828265637.jpg', 0, 0),
(217, 49, '1739341345343-628780358.jpg', '/uploads/1739341345343-628780358.jpg', 0, 0),
(218, 49, '1739341345344-499312287.jpg', '/uploads/1739341345344-499312287.jpg', 0, 0),
(219, 49, '1739341345344-858082654.jpg', '/uploads/1739341345344-858082654.jpg', 0, 0),
(220, 49, '1739341345345-801551033.jpg', '/uploads/1739341345345-801551033.jpg', 0, 0),
(221, 49, '1739341345346-220895789.jpg', '/uploads/1739341345346-220895789.jpg', 0, 0),
(222, 49, '1739341345347-723254955.jpg', '/uploads/1739341345347-723254955.jpg', 0, 0),
(223, 49, '1739341345347-124423458.jpg', '/uploads/1739341345347-124423458.jpg', 0, 0),
(224, 49, '1739341345347-782834462.jpg', '/uploads/1739341345347-782834462.jpg', 0, 0),
(225, 49, '1739341345348-610799229.jpg', '/uploads/1739341345348-610799229.jpg', 1, 0),
(226, 49, '1739341345349-369118576.jpg', '/uploads/1739341345349-369118576.jpg', 0, 0),
(227, 49, '1739341345350-249129414.jpg', '/uploads/1739341345350-249129414.jpg', 0, 0),
(228, 49, '1739341345351-498759403.jpg', '/uploads/1739341345351-498759403.jpg', 0, 0),
(229, 50, '1739341373835-364324849.jpg', '/uploads/1739341373835-364324849.jpg', 1, 0),
(230, 51, '1739341495331-804515484.jpg', '/uploads/1739341495331-804515484.jpg', 0, 0),
(231, 51, '1739341495333-453037129.jpg', '/uploads/1739341495333-453037129.jpg', 0, 0),
(232, 51, '1739341495334-393777115.jpg', '/uploads/1739341495334-393777115.jpg', 0, 0),
(233, 51, '1739341495335-876192804.jpg', '/uploads/1739341495335-876192804.jpg', 1, 0),
(234, 51, '1739341541554-956317119.jpg', '/uploads/1739341541554-956317119.jpg', 1, 0),
(235, 52, '1739341694619-465147780.jpg', '/uploads/1739341694619-465147780.jpg', 0, 0),
(236, 52, '1739341694619-469263313.jpg', '/uploads/1739341694619-469263313.jpg', 1, 0),
(237, 52, '1739341694620-368218579.jpg', '/uploads/1739341694620-368218579.jpg', 0, 0),
(238, 53, '1739341721548-366938291.jpg', '/uploads/1739341721548-366938291.jpg', 1, 0),
(239, 54, '1739341830766-741050451.jpg', '/uploads/1739341830766-741050451.jpg', 0, 0),
(240, 54, '1739341830766-529714990.jpg', '/uploads/1739341830766-529714990.jpg', 0, 0),
(241, 54, '1739341830769-412392178.jpg', '/uploads/1739341830769-412392178.jpg', 0, 0),
(242, 54, '1739341830771-653733884.jpg', '/uploads/1739341830771-653733884.jpg', 0, 0),
(243, 54, '1739341830774-152260054.jpg', '/uploads/1739341830774-152260054.jpg', 0, 0),
(244, 54, '1739341830776-646226542.jpg', '/uploads/1739341830776-646226542.jpg', 0, 0),
(245, 54, '1739341830778-933426908.jpg', '/uploads/1739341830778-933426908.jpg', 0, 0),
(246, 54, '1739341830782-950468030.jpg', '/uploads/1739341830782-950468030.jpg', 1, 0),
(247, 55, '1739341882334-681370938.jpg', '/uploads/1739341882334-681370938.jpg', 1, 0),
(248, 55, '1739341882335-407861854.jpg', '/uploads/1739341882335-407861854.jpg', 0, 0),
(249, 55, '1739341882335-11130425.jpg', '/uploads/1739341882335-11130425.jpg', 0, 0),
(250, 55, '1739341882335-998050998.jpg', '/uploads/1739341882335-998050998.jpg', 0, 0),
(251, 55, '1739341882336-636528894.jpg', '/uploads/1739341882336-636528894.jpg', 0, 0),
(252, 55, '1739341882336-206343819.jpg', '/uploads/1739341882336-206343819.jpg', 0, 0),
(253, 55, '1739341882337-596304304.jpg', '/uploads/1739341882337-596304304.jpg', 0, 0),
(254, 55, '1739341882338-663694146.jpg', '/uploads/1739341882338-663694146.jpg', 0, 0),
(255, 55, '1739341882339-896441558.jpg', '/uploads/1739341882339-896441558.jpg', 0, 0),
(256, 56, '1739341927419-656075826.jpg', '/uploads/1739341927419-656075826.jpg', 1, 0),
(257, 57, '1739341959046-499261765.jpg', '/uploads/1739341959046-499261765.jpg', 0, 0),
(258, 57, '1739341959046-620517406.jpg', '/uploads/1739341959046-620517406.jpg', 0, 0),
(259, 57, '1739341959046-15228496.jpg', '/uploads/1739341959046-15228496.jpg', 1, 0),
(260, 57, '1739341959047-784874479.jpg', '/uploads/1739341959047-784874479.jpg', 0, 0),
(261, 57, '1739341959047-426368791.jpg', '/uploads/1739341959047-426368791.jpg', 0, 0),
(262, 57, '1739341959048-415693141.jpg', '/uploads/1739341959048-415693141.jpg', 0, 0),
(263, 57, '1739341959048-82797417.jpg', '/uploads/1739341959048-82797417.jpg', 0, 0),
(264, 58, '1739342026947-632690057.jpg', '/uploads/1739342026947-632690057.jpg', 0, 0),
(265, 58, '1739342026948-837445901.jpg', '/uploads/1739342026948-837445901.jpg', 1, 0),
(266, 59, '1739342163605-140804330.jpg', '/uploads/1739342163605-140804330.jpg', 1, 0),
(267, 59, '1739342163605-206144068.jpg', '/uploads/1739342163605-206144068.jpg', 0, 0),
(268, 60, '1739342199246-480088760.jpg', '/uploads/1739342199246-480088760.jpg', 1, 0),
(269, 60, '1739342199246-575643643.jpg', '/uploads/1739342199246-575643643.jpg', 0, 0),
(270, 60, '1739342199248-914589526.jpg', '/uploads/1739342199248-914589526.jpg', 0, 0),
(271, 60, '1739342199248-432678830.jpg', '/uploads/1739342199248-432678830.jpg', 0, 0),
(272, 60, '1739342199249-340874294.jpg', '/uploads/1739342199249-340874294.jpg', 0, 0),
(273, 60, '1739342199250-690146391.jpg', '/uploads/1739342199250-690146391.jpg', 0, 0),
(274, 60, '1739342199250-734162850.jpg', '/uploads/1739342199250-734162850.jpg', 0, 0),
(275, 61, '1739342241500-240192796.jpg', '/uploads/1739342241500-240192796.jpg', 1, 0),
(276, 61, '1739342241501-449553246.jpg', '/uploads/1739342241501-449553246.jpg', 0, 0),
(277, 62, '1739342270902-255555994.jpg', '/uploads/1739342270902-255555994.jpg', 1, 0),
(278, 62, '1739342270903-930980427.jpg', '/uploads/1739342270903-930980427.jpg', 0, 0),
(279, 62, '1739342270904-795141625.jpg', '/uploads/1739342270904-795141625.jpg', 0, 0),
(280, 62, '1739342270905-612795558.jpg', '/uploads/1739342270905-612795558.jpg', 0, 0),
(281, 62, '1739342270906-616048430.jpg', '/uploads/1739342270906-616048430.jpg', 0, 0),
(282, 63, '1739342346742-370339915.jpg', '/uploads/1739342346742-370339915.jpg', 0, 0),
(283, 63, '1739342346743-630653785.jpg', '/uploads/1739342346743-630653785.jpg', 0, 0),
(284, 63, '1739342346745-705297386.jpg', '/uploads/1739342346745-705297386.jpg', 0, 0),
(285, 63, '1739342346746-204935089.jpg', '/uploads/1739342346746-204935089.jpg', 0, 0),
(286, 63, '1739342346747-734833626.jpg', '/uploads/1739342346747-734833626.jpg', 0, 0),
(287, 63, '1739342346748-272108174.jpg', '/uploads/1739342346748-272108174.jpg', 0, 0),
(288, 63, '1739342346749-789195919.jpg', '/uploads/1739342346749-789195919.jpg', 1, 0),
(289, 64, '1739342382219-821284219.jpg', '/uploads/1739342382219-821284219.jpg', 1, 0),
(290, 65, '1739342434580-91290362.jpg', '/uploads/1739342434580-91290362.jpg', 1, 0),
(291, 66, '1739344047962-422544669.jpg', '/uploads/1739344047962-422544669.jpg', 1, 0),
(292, 66, '1739344047964-485176581.jpg', '/uploads/1739344047964-485176581.jpg', 0, 0),
(293, 67, '1739344062006-157756713.jpg', '/uploads/1739344062006-157756713.jpg', 1, 0),
(294, 67, '1739344062006-273693570.jpg', '/uploads/1739344062006-273693570.jpg', 0, 0),
(295, 68, '1739344077070-354145909.jpg', '/uploads/1739344077070-354145909.jpg', 1, 0),
(296, 68, '1739344077071-522834492.jpg', '/uploads/1739344077071-522834492.jpg', 0, 0),
(297, 69, '1739344100085-283746313.jpg', '/uploads/1739344100085-283746313.jpg', 1, 0),
(298, 69, '1739344100086-230757470.jpg', '/uploads/1739344100086-230757470.jpg', 0, 0),
(299, 70, '1739344622214-736587502.jpg', '/uploads/1739344622214-736587502.jpg', 0, 0),
(300, 70, '1739344622215-786685265.jpg', '/uploads/1739344622215-786685265.jpg', 1, 0),
(301, 71, '1739344630230-410950793.jpg', '/uploads/1739344630230-410950793.jpg', 1, 0),
(302, 71, '1739344630230-460976700.jpg', '/uploads/1739344630230-460976700.jpg', 0, 0),
(303, 72, '1739344639694-78149682.jpg', '/uploads/1739344639694-78149682.jpg', 1, 0),
(304, 72, '1739344639694-536572924.jpg', '/uploads/1739344639694-536572924.jpg', 0, 0),
(305, 73, '1739344655903-438159338.jpg', '/uploads/1739344655903-438159338.jpg', 1, 0),
(306, 73, '1739344655904-487648549.jpg', '/uploads/1739344655904-487648549.jpg', 0, 0),
(307, 74, '1739344664813-342321558.jpg', '/uploads/1739344664813-342321558.jpg', 1, 0),
(308, 75, '1739344672294-591758339.jpg', '/uploads/1739344672294-591758339.jpg', 1, 0),
(309, 75, '1739344672295-729448972.jpg', '/uploads/1739344672295-729448972.jpg', 0, 0),
(310, 76, '1739344704782-397707377.jpg', '/uploads/1739344704782-397707377.jpg', 0, 0),
(311, 76, '1739344704783-402201143.jpg', '/uploads/1739344704783-402201143.jpg', 1, 0),
(312, 77, '1739344712998-783396339.jpg', '/uploads/1739344712998-783396339.jpg', 1, 0),
(313, 78, '1739344720526-48551277.jpg', '/uploads/1739344720526-48551277.jpg', 1, 0),
(314, 79, '1739344729455-582628765.jpg', '/uploads/1739344729455-582628765.jpg', 1, 0),
(315, 80, '1739346922080-411582.jpg', '/uploads/1739346922080-411582.jpg', 1, 0),
(316, 81, '1739346928761-336490245.jpg', '/uploads/1739346928761-336490245.jpg', 1, 0),
(317, 82, '1739346954389-698881613.jpg', '/uploads/1739346954389-698881613.jpg', 0, 0),
(318, 82, '1739346954390-357452362.jpg', '/uploads/1739346954390-357452362.jpg', 1, 0),
(319, 82, '1739346954390-180611226.jpg', '/uploads/1739346954390-180611226.jpg', 0, 0),
(320, 82, '1739346954392-174806756.jpg', '/uploads/1739346954392-174806756.jpg', 0, 0),
(321, 82, '1739346954393-679118596.jpg', '/uploads/1739346954393-679118596.jpg', 0, 0),
(322, 82, '1739346954393-768476638.jpg', '/uploads/1739346954393-768476638.jpg', 0, 0),
(323, 82, '1739346954393-11196306.jpg', '/uploads/1739346954393-11196306.jpg', 0, 0),
(324, 82, '1739346954394-595614716.jpg', '/uploads/1739346954394-595614716.jpg', 0, 0),
(325, 82, '1739346954394-649645715.jpg', '/uploads/1739346954394-649645715.jpg', 0, 0),
(326, 82, '1739346954395-654933882.jpg', '/uploads/1739346954395-654933882.jpg', 0, 0),
(327, 82, '1739346954395-886343823.jpg', '/uploads/1739346954395-886343823.jpg', 0, 0),
(328, 83, '1739346968410-730381131.jpg', '/uploads/1739346968410-730381131.jpg', 0, 0),
(329, 83, '1739346968411-500683051.jpg', '/uploads/1739346968411-500683051.jpg', 1, 0),
(330, 84, '1739346992934-79829476.jpg', '/uploads/1739346992934-79829476.jpg', 0, 0),
(331, 84, '1739346992934-499032130.jpg', '/uploads/1739346992934-499032130.jpg', 0, 0),
(332, 84, '1739346992935-709706648.jpg', '/uploads/1739346992935-709706648.jpg', 0, 0),
(333, 84, '1739346992935-932269948.jpg', '/uploads/1739346992935-932269948.jpg', 0, 0),
(334, 84, '1739346992936-353903294.jpg', '/uploads/1739346992936-353903294.jpg', 0, 0),
(335, 84, '1739346992937-185249401.jpg', '/uploads/1739346992937-185249401.jpg', 0, 0),
(336, 84, '1739346992938-547795412.jpg', '/uploads/1739346992938-547795412.jpg', 0, 0),
(337, 84, '1739346992938-457650642.jpg', '/uploads/1739346992938-457650642.jpg', 1, 0),
(338, 84, '1739346992940-514481482.jpg', '/uploads/1739346992940-514481482.jpg', 0, 0),
(339, 84, '1739346992941-594431690.jpg', '/uploads/1739346992941-594431690.jpg', 0, 0),
(340, 84, '1739346992941-13361942.jpg', '/uploads/1739346992941-13361942.jpg', 0, 0),
(341, 84, '1739346992941-304018359.jpg', '/uploads/1739346992941-304018359.jpg', 0, 0),
(342, 85, '1739347020865-974272337.jpg', '/uploads/1739347020865-974272337.jpg', 1, 0),
(343, 85, '1739347020866-619818469.jpg', '/uploads/1739347020866-619818469.jpg', 0, 0),
(344, 85, '1739347020866-651880593.jpg', '/uploads/1739347020866-651880593.jpg', 0, 0),
(345, 86, '1739347030409-432022016.jpg', '/uploads/1739347030409-432022016.jpg', 0, 0),
(346, 86, '1739347030410-725175553.jpg', '/uploads/1739347030410-725175553.jpg', 0, 0),
(347, 86, '1739347030410-117990349.jpg', '/uploads/1739347030410-117990349.jpg', 1, 0),
(348, 87, '1739347040017-232698394.jpg', '/uploads/1739347040017-232698394.jpg', 0, 0),
(349, 87, '1739347040017-937158083.jpg', '/uploads/1739347040017-937158083.jpg', 1, 0),
(350, 87, '1739347040018-597056782.jpg', '/uploads/1739347040018-597056782.jpg', 0, 0),
(351, 88, '1739347049517-762076581.jpg', '/uploads/1739347049517-762076581.jpg', 0, 0),
(352, 88, '1739347049518-302214752.jpg', '/uploads/1739347049518-302214752.jpg', 0, 0),
(353, 88, '1739347049519-88788461.jpg', '/uploads/1739347049519-88788461.jpg', 0, 0),
(354, 88, '1739347049520-185931505.jpg', '/uploads/1739347049520-185931505.jpg', 0, 0),
(355, 88, '1739347049521-873237597.jpg', '/uploads/1739347049521-873237597.jpg', 0, 0),
(356, 88, '1739347049523-565133736.jpg', '/uploads/1739347049523-565133736.jpg', 0, 0),
(357, 88, '1739347049525-867584535.jpg', '/uploads/1739347049525-867584535.jpg', 0, 0),
(358, 88, '1739347049527-462886121.jpg', '/uploads/1739347049527-462886121.jpg', 0, 0),
(359, 88, '1739347049530-444935304.jpg', '/uploads/1739347049530-444935304.jpg', 0, 0),
(360, 88, '1739347049533-249323990.jpg', '/uploads/1739347049533-249323990.jpg', 0, 0),
(361, 88, '1739347049534-582850558.jpg', '/uploads/1739347049534-582850558.jpg', 1, 0),
(362, 89, '1739347129597-401213026.jpg', '/uploads/1739347129597-401213026.jpg', 0, 0),
(363, 89, '1739347129599-525115783.jpg', '/uploads/1739347129599-525115783.jpg', 0, 0),
(364, 89, '1739347129600-379405678.jpg', '/uploads/1739347129600-379405678.jpg', 0, 0),
(365, 89, '1739347129601-203093866.jpg', '/uploads/1739347129601-203093866.jpg', 0, 0),
(366, 89, '1739347129601-89591535.jpg', '/uploads/1739347129601-89591535.jpg', 0, 0),
(367, 89, '1739347129604-604645103.jpg', '/uploads/1739347129604-604645103.jpg', 0, 0),
(368, 89, '1739347129605-547154307.jpg', '/uploads/1739347129605-547154307.jpg', 0, 0),
(369, 89, '1739347129608-473200493.jpg', '/uploads/1739347129608-473200493.jpg', 0, 0),
(370, 89, '1739347129611-757120276.jpg', '/uploads/1739347129611-757120276.jpg', 0, 0),
(371, 89, '1739347129614-324705711.jpg', '/uploads/1739347129614-324705711.jpg', 0, 0),
(372, 89, '1739347129615-432991860.jpg', '/uploads/1739347129615-432991860.jpg', 1, 0),
(373, 89, '1739347129618-471628937.jpg', '/uploads/1739347129618-471628937.jpg', 0, 0),
(374, 89, '1739347129618-600844450.jpg', '/uploads/1739347129618-600844450.jpg', 0, 0),
(375, 89, '1739347129619-264446215.jpg', '/uploads/1739347129619-264446215.jpg', 0, 0),
(376, 90, '1739347137586-462804994.jpg', '/uploads/1739347137586-462804994.jpg', 0, 0),
(377, 90, '1739347137589-804052468.jpg', '/uploads/1739347137589-804052468.jpg', 1, 0),
(378, 90, '1739347137591-200445597.jpg', '/uploads/1739347137591-200445597.jpg', 0, 0),
(379, 90, '1739347137591-223636720.jpg', '/uploads/1739347137591-223636720.jpg', 0, 0),
(380, 90, '1739347137594-901589265.jpg', '/uploads/1739347137594-901589265.jpg', 0, 0),
(381, 90, '1739347137597-984421627.jpg', '/uploads/1739347137597-984421627.jpg', 0, 0),
(382, 90, '1739347137599-648809282.jpg', '/uploads/1739347137599-648809282.jpg', 0, 0),
(383, 91, '1739347145611-974499540.jpg', '/uploads/1739347145611-974499540.jpg', 0, 0),
(384, 91, '1739347145613-60019173.jpg', '/uploads/1739347145613-60019173.jpg', 1, 0),
(385, 91, '1739347145615-945086125.jpg', '/uploads/1739347145615-945086125.jpg', 0, 0),
(386, 91, '1739347145616-992901325.jpg', '/uploads/1739347145616-992901325.jpg', 0, 0),
(387, 91, '1739347145619-141644141.jpg', '/uploads/1739347145619-141644141.jpg', 0, 0),
(388, 91, '1739347145621-805312405.jpg', '/uploads/1739347145621-805312405.jpg', 0, 0),
(389, 91, '1739347145622-327377287.jpg', '/uploads/1739347145622-327377287.jpg', 0, 0),
(390, 92, '1739347164890-574700959.jpg', '/uploads/1739347164890-574700959.jpg', 0, 0),
(391, 92, '1739347164891-478001920.jpg', '/uploads/1739347164891-478001920.jpg', 0, 0),
(392, 92, '1739347164892-479218194.jpg', '/uploads/1739347164892-479218194.jpg', 1, 0),
(393, 92, '1739347164893-450328046.jpg', '/uploads/1739347164893-450328046.jpg', 0, 0),
(394, 92, '1739347164894-271098888.jpg', '/uploads/1739347164894-271098888.jpg', 0, 0),
(395, 93, '1739347180121-958941551.jpg', '/uploads/1739347180121-958941551.jpg', 1, 0),
(396, 94, '1739347186849-475969170.jpg', '/uploads/1739347186849-475969170.jpg', 1, 0),
(397, 95, '1739347193624-453910109.jpg', '/uploads/1739347193624-453910109.jpg', 1, 0),
(398, 96, '1739347953201-24127709.jpg', '/uploads/1739347953201-24127709.jpg', 0, 0),
(399, 96, '1739347953205-916022318.jpg', '/uploads/1739347953205-916022318.jpg', 0, 0),
(400, 96, '1739347953207-414802972.jpg', '/uploads/1739347953207-414802972.jpg', 0, 0),
(401, 96, '1739347953209-614852919.jpg', '/uploads/1739347953209-614852919.jpg', 0, 0),
(402, 96, '1739347953220-2914425.jpg', '/uploads/1739347953220-2914425.jpg', 1, 0),
(403, 96, '1739347953222-853066716.jpg', '/uploads/1739347953222-853066716.jpg', 0, 0),
(404, 96, '1739347953222-971755759.jpg', '/uploads/1739347953222-971755759.jpg', 0, 0),
(405, 97, '1739347963340-99411992.jpg', '/uploads/1739347963340-99411992.jpg', 0, 0),
(406, 97, '1739347963344-523621965.jpg', '/uploads/1739347963344-523621965.jpg', 0, 0),
(407, 97, '1739347963346-281007868.jpg', '/uploads/1739347963346-281007868.jpg', 0, 0),
(408, 97, '1739347963347-495103210.jpg', '/uploads/1739347963347-495103210.jpg', 0, 0),
(409, 97, '1739347963355-614959555.jpg', '/uploads/1739347963355-614959555.jpg', 1, 0),
(410, 97, '1739347963357-225682241.jpg', '/uploads/1739347963357-225682241.jpg', 0, 0),
(411, 97, '1739347963358-281902543.jpg', '/uploads/1739347963358-281902543.jpg', 0, 0),
(412, 97, '1739347963359-744807936.jpg', '/uploads/1739347963359-744807936.jpg', 0, 0),
(413, 98, '1739347972050-981740124.jpg', '/uploads/1739347972050-981740124.jpg', 0, 0),
(414, 98, '1739347972053-150595592.jpg', '/uploads/1739347972053-150595592.jpg', 0, 0),
(415, 98, '1739347972055-54172851.jpg', '/uploads/1739347972055-54172851.jpg', 0, 0),
(416, 98, '1739347972057-603427373.jpg', '/uploads/1739347972057-603427373.jpg', 1, 0),
(417, 98, '1739347972058-727148792.jpg', '/uploads/1739347972058-727148792.jpg', 0, 0),
(418, 99, '1739952549750-776500308.jpg', '/uploads/1739952549750-776500308.jpg', 0, 0),
(419, 99, '1739952549750-551221473.jpg', '/uploads/1739952549750-551221473.jpg', 0, 0),
(420, 99, '1739952549750-326926124.jpg', '/uploads/1739952549750-326926124.jpg', 0, 0),
(421, 99, '1739952549751-599561606.jpg', '/uploads/1739952549751-599561606.jpg', 0, 0),
(422, 99, '1739952549751-582814977.jpg', '/uploads/1739952549751-582814977.jpg', 1, 0),
(423, 100, '1739952738620-4336125.jpg', '/uploads/1739952738620-4336125.jpg', 0, 0),
(424, 100, '1739952738621-909857927.jpg', '/uploads/1739952738621-909857927.jpg', 0, 0),
(425, 100, '1739952738621-776093267.jpg', '/uploads/1739952738621-776093267.jpg', 0, 0),
(426, 100, '1739952738622-869406455.jpg', '/uploads/1739952738622-869406455.jpg', 1, 0),
(427, 100, '1739952738622-593807638.jpg', '/uploads/1739952738622-593807638.jpg', 0, 0);

-- --------------------------------------------------------

--
-- 資料表結構 `rent_item`
--

CREATE TABLE `rent_item` (
  `id` int(10) UNSIGNED NOT NULL,
  `rent_category_small_id` int(10) NOT NULL COMMENT '關聯小分類表',
  `name` varchar(255) NOT NULL COMMENT '產品名稱',
  `price` decimal(10,0) NOT NULL COMMENT '原價',
  `price2` decimal(10,0) DEFAULT NULL COMMENT '特價',
  `description` varchar(255) DEFAULT NULL COMMENT '上方簡單描述',
  `description2` varchar(255) DEFAULT NULL COMMENT '下方詳細描述',
  `stock` int(10) UNSIGNED DEFAULT NULL COMMENT '庫存量',
  `created_at` datetime NOT NULL COMMENT '創建時間',
  `update_at` datetime DEFAULT NULL COMMENT '最後更新時間',
  `deposit` decimal(10,0) DEFAULT NULL COMMENT '押金',
  `is_like` tinyint(1) NOT NULL DEFAULT 0 COMMENT '0:未收藏;1:已收藏',
  `is_deleted` tinyint(1) NOT NULL DEFAULT 0 COMMENT '0: 未刪除, 1: 已刪除'
) ENGINE=InnoDB DEFAULT CHARSET=utf8mb4 COLLATE=utf8mb4_unicode_ci;

--
-- 傾印資料表的資料 `rent_item`
--

INSERT INTO `rent_item` (`id`, `rent_category_small_id`, `name`, `price`, `price2`, `description`, `description2`, `stock`, `created_at`, `update_at`, `deposit`, `is_like`, `is_deleted`) VALUES
(1, 1, '液態面鏡', 7400, 3500, '能保有正常水下視野，並省去面鏡平壓的空氣消耗\r\n外圍膠框以亞洲人臉型掃描製作，合臉度更佳；亦可自行打磨增加貼合\r\n搭配鼻夾使用，平衡耳壓更輕鬆', '不想多費空氣做面鏡平壓，又希望在水中保有視力，液態面鏡專為自潛玩家而生；\r\n搭配鼻夾使用可大幅度減少平壓需克服的問題(如捏鼻狀況、空氣分配等)，更專注的下潛\r\n被譽為全世界潛最深的男人(the Deepest Man on Earth)，Herbert Nitsch 擁有三項世界紀錄，同時也是TRYGONS的愛用者。\r\n', 5, '2025-02-09 13:43:33', NULL, NULL, 0, 0),
(2, 1, 'SPHERA X 低容積面鏡', 2650, NULL, 'SPHERA X 新改版\r\n寬視野x低容積\r\n​運動性能優異的自由潛水面鏡 \r\n裙邊採舒適矽膠，柔軟更合臉、捏鼻更順手\r\n透明白款採鍍膜鏡片，防霧 x 耐刮 x 紫外線防護，接近180度的寬廣視野', NULL, 3, '2025-02-09 16:15:24', NULL, NULL, 0, 0),
(3, 1, 'BIO METAL PRO 手工拋光鏡框(經典海龍王)', 14500, NULL, '為享譽盛名的高階面鏡-自潛、水肺皆可用，更是專業首選\r\n高強度、高耐用度，銀色邊框帥氣有型\r\n專利寬視野-高強度鏡框讓左右鏡片間距拉近至7mm，視野無阻礙 \r\nTYPE A低容積-為系列款式內容積最低(60cc) \r\n可依需求選配多款器材(如手電筒、運動攝影機等)', '手工製不鏽鋼鏡框-高強度、高耐用度\r\n柔軟群邊，平壓順手\r\nTYPE A低容積-為系列款式內容積最低(60cc)\r\n鏡框以單一不銹鋼板雕刻成形，並經金屬拋光工匠精心手工精製。 材料具備深沉的光澤與超高硬度\r\n可依需求選配多款器材(如手電筒、運動攝影機等)\r\n', 1, '2025-02-09 16:19:05', NULL, NULL, 0, 0),
(4, 1, 'BIO METAL 多彩鋁合金鏡框(平民海龍王)', 7800, NULL, 'BIO-METAL PRO為APOLLO享譽盛名的高階面鏡-本款BIO METAL為輕量化鋁合金鏡框版本，繽紛色彩；自潛、水肺皆可用\r\n鋁合金鏡框輕量、多彩、高強度；柔軟群邊，平壓順手\r\n專利寬視野-高強度鏡框讓左右鏡片間距拉近至7mm，視野無阻礙 \r\nTYPE A低容積-為系列款式內容積最低(60cc)', NULL, NULL, '2025-02-09 16:20:41', NULL, NULL, 0, 0),
(5, 1, 'MAXLUX S 單片式面鏡', 2380, NULL, '無邊框設計，減少重量與體積，攜帶輕鬆。\r\n全景視野無阻隔，水中世界一覽無遺\r\n浮潛/水肺/自由潛水皆適用\r\n可搭配同色SPY軟式呼吸管', NULL, NULL, '2025-02-09 17:22:56', NULL, NULL, 0, 0),
(6, 1, 'Condor Mask 低容積面鏡', 2550, NULL, '專為在任何類型的潛水活動中實現最佳性能而開發，適用自由潛水、魚獵、浮潛或水肺潛水。\r\n低容積搭配廣闊視野，使潛水員有更好的體驗，柔軟的矽膠裙邊，提供更好的服貼性及舒適度。', NULL, NULL, '2025-02-09 18:32:52', NULL, NULL, 0, 0),
(7, 1, 'PLASMA 低容積面鏡', 1850, NULL, '超耐磨鋼化玻璃，良好的視野和低內部容積\r\n裙邊採柔軟矽膠製成，密合度佳\r\n搭配同色系呼吸管，帥度再上一層', NULL, NULL, '2025-02-09 18:35:43', NULL, NULL, 0, 0),
(8, 1, 'FALCON 低容積面鏡(黑)', 1750, NULL, '由著名的潛水裝備設計師Enrico Sala構思設計，專用於自由潛水，搭配同色系呼吸管，帥度再上一層。\r\n \r\n・商品介紹\r\n-低容積提升潛水表現。\r\n-扣環連接裙邊，配戴更服貼。\r\n-墊圈和天鵝絨，提升密封性及舒適度。\r\n-流線造型降低深潛和快速上升中的拉力影響。\r\n-視野寬廣 - 對於漁獵幫助甚大。\r\n-寬度：137 mm\r\n-高度：100 mm\r\n-內部容積：95 cm³', NULL, NULL, '2025-02-09 18:39:09', NULL, NULL, 0, 0),
(9, 1, 'FALCON 低容積面鏡', 1750, NULL, '由著名的潛水裝備設計師Enrico Sala構思設計，專用於自由潛水，搭配同色系呼吸管，帥度再上一層。\r\n \r\n・商品介紹\r\n-低容積提升潛水表現。\r\n-扣環連接裙邊，配戴更服貼。\r\n-墊圈和天鵝絨，提升密封性及舒適度。\r\n-流線造型降低深潛和快速上升中的拉力影響。\r\n-視野寬廣 - 對於漁獵幫助甚大。\r\n-寬度：137 mm\r\n-高度：100 mm\r\n-內部容積：95 cm³', NULL, NULL, '2025-02-09 18:39:53', NULL, NULL, 0, 0),
(10, 1, 'HUNTER低容積面鏡', 1200, NULL, '超低內容積設計，頂級柔軟的矽膠面罩，配帶舒適又貼臉，視野更寬廣、更清晰\r\n漁獵、攝影或自由潛水者的最佳選擇\r\n體積小可摺疊置于救生衣口袋內作為備用\r\n邊扣調整容易\r\n\r\n・可替換以下光學鏡片\r\n- OL203(近視強化鏡片)：100 ~ 600度 (每50度一單位)', NULL, NULL, '2025-02-09 18:43:01', NULL, NULL, 0, 0),
(11, 1, 'CORONA潛水面鏡', 950, NULL, '電鍍外框，時尚美觀、提升耐用度\r\n旋轉式邊扣易操作，柔軟的矽膠裙邊，舒適貼合臉型。\r\n\r\n可替換以下光學鏡片\r\n- OL-55(近視強化鏡片)：100 ~ 800度\r\n- OL-55M(電鍍近視強化鏡片)：100 ~ 800度 \r\n- OL-55+(老花鏡片)：100 ~ 400度 \r\n※以上鏡片每50度一單位', NULL, NULL, '2025-02-09 18:43:40', NULL, NULL, 0, 0),
(12, 1, 'PANORAMA 鋁合金潛水面鏡', 1800, NULL, '6000系列鋁合金陽極電鍍處理鏡框，質輕視野廣，堅固耐用\r\n\r\n可替換以下光學鏡片\r\n- OL-55(近視強化鏡片)：100 ~ 800度\r\n- OL-55M(電鍍近視強化鏡片)：100 ~ 800度 \r\n- OL-55+(老花鏡片)：100 ~ 400度 \r\n※以上鏡片每50度一單位', NULL, NULL, '2025-02-09 18:46:10', NULL, NULL, 0, 0),
(13, 1, 'HUNTER低容積面鏡/ 防霧鏡片', 1700, NULL, '超低內容積設計，頂級柔軟的矽膠面罩，配帶舒適又貼臉，視野更寬廣、更清晰\r\n漁獵、攝影或自由潛水者的最佳選擇\r\n體積小可摺疊置于救生衣口袋內作為備用\r\n邊扣調整容易\r\n\r\n・使用前請先將薄膜撕下，以清水沖洗過後即可使用。\r\n・請勿再以牙膏/火烤等方式處理鏡面。', NULL, 5, '2025-02-09 18:54:20', NULL, NULL, 0, 0),
(14, 1, 'IST M100 PANORAMA 鋁合金雙面鏡 炫彩 堅韌 質感 (BK)', 1800, NULL, NULL, NULL, NULL, '2025-02-09 18:55:49', NULL, NULL, 0, 0),
(15, 1, 'L1單鏡片面鏡', 800, NULL, '無框面膜由柔軟的 100% 矽膠製成。\r\n鋼化玻璃鏡片\r\n極佳的舒適度和寬廣的視角\r\n快速調節帶扣。\r\n輕便、可折疊、易於存放。\r\n無邊框面鏡能夠在不影響寬視角的情況下減小內部體積，非常適合自由潛水和魚叉捕魚。', NULL, NULL, '2025-02-09 18:56:07', NULL, NULL, 0, 0),
(16, 1, 'L2低容積面鏡', 800, NULL, '無框面膜由柔軟的 100% 矽膠製成。\r\n鋼化玻璃鏡片\r\n極佳的舒適度和寬廣的視角\r\n輕便、可折疊、易於存放。', NULL, NULL, '2025-02-09 18:56:07', NULL, NULL, 0, 0),
(17, 1, '自由潛水面鏡呼吸管組 (黑)', 1250, NULL, '極低內容積，非常適合自由潛水使用，\r\n鏡片採廣角弧度設計，兼具視野及低容積的需求。\r\n較大面積的矽膠面鏡帶 , 為頭部帶來了穩定的感受並能夠分散後腦杓壓力。 \r\n隨附的呼吸管附有高低可調固定扣 , 可輕鬆將呼吸管及咬嘴調整至適合的位置。\r\n管身及咬嘴使用高度柔軟材質 , 能為潛水員帶來舒適感受並增加貼合性。\r\n鏡框及呼吸管身採霧面處理 , 不易殘留水痕並具有低調光澤感。', NULL, NULL, '2025-02-09 18:57:22', NULL, NULL, 0, 0),
(18, 1, '自由潛水面鏡呼吸管組 (白)', 1250, NULL, '極低內容積，非常適合自由潛水使用，\r\n鏡片採廣角弧度設計，兼具視野及低容積的需求。\r\n較大面積的矽膠面鏡帶 , 為頭部帶來了穩定的感受並能夠分散後腦杓壓力。 \r\n隨附的呼吸管附有高低可調固定扣 , 可輕鬆將呼吸管及咬嘴調整至適合的位置。\r\n管身及咬嘴使用高度柔軟材質 , 能為潛水員帶來舒適感受並增加貼合性。\r\n鏡框及呼吸管身採霧面處理 , 不易殘留水痕並具有低調光澤感。', NULL, 8, '2025-02-09 18:57:22', NULL, NULL, 0, 0),
(19, 1, 'STAR LIQUIDSKIN 低容積面鏡', 2480, NULL, '寬視野x低容積，運動性能優異的自由潛水面鏡 \r\n複合矽膠裙邊，柔軟舒適/密合度佳/捏鼻平壓更順手', NULL, NULL, '2025-02-09 18:58:37', NULL, NULL, 0, 0),
(20, 1, 'CORE Freediving Mask 抹茶自由潛水面鏡', 1500, NULL, 'CORE Freediving Mask由柔軟的矽膠製成，具絕佳的舒適性。塑膠框架包裹著曲面透明樹脂鏡片，提供廣闊視野。\r\n此款面鏡之間的距離為14公分。\r\n\r\n・商品介紹\r\n-材質：軟矽膠裙邊；耐用塑膠框架；透明樹脂鏡片\r\n-重量：270公克', NULL, NULL, '2025-02-09 19:04:13', NULL, NULL, 0, 0),
(21, 1, 'AQUA 低容積面鏡', 1700, NULL, '・商品介紹\r\n-超低內容積-僅110CM³的內部空間 \r\n-加大視野-兼具優質視野與運動性能 \r\n-平壓順手-鼻翼二側薄面處理，捏鼻更容易 \r\n-柔軟裙邊-Shore 60純矽膠材質裙邊，柔軟舒適', NULL, NULL, '2025-02-09 19:10:34', NULL, NULL, 0, 0),
(22, 1, 'ALIEN 低容積面鏡 黑色款', 1350, NULL, '・商品介紹\r\n-寬視野x低容積，機能性十足的自潛/打魚好物 \r\n-裙邊採舒適矽膠，更貼合臉型 \r\n-百搭黑色款最實用', NULL, 1, '2025-02-09 19:11:06', NULL, NULL, 0, 0),
(23, 1, 'ALIEN 低容積面鏡 迷彩款', 1350, NULL, '寬視野x低容積，機能性十足的自潛/打魚好物 \r\n裙邊採舒適矽膠，更貼合臉型 \r\n3種迷彩樣式，搭配呼吸管更有型', NULL, NULL, '2025-02-09 19:11:06', NULL, NULL, 0, 0),
(24, 1, 'WOLF MASK 低容積面鏡', 1980, NULL, '面罩體積及內部容積都十分小巧，\r\n適合自由潛水與魚撈等水下活動。\r\nWOLF MASK 採用框架延伸整合裙邊的技術，\r\n使接觸面更加柔軟服貼，舒適感更甚以往。\r\n面鏡鏡片採用鋼化玻璃製成，安全性更高。\r\n與傳統面罩相比，鏡片與臉部間的體積更小，水中視野更寬闊。\r\n\r\n・商品介紹\r\n-超低內容積 -面罩體積及內部容積都十分小巧 \r\n-加大視野 - 兼具優質視野與運動性能\r\n-平壓順手 - 鼻翼二側薄面處理，捏鼻更容易\r\n-柔軟裙邊 - 矽膠材質裙邊，柔軟舒適', NULL, 7, '2025-02-09 19:14:33', NULL, NULL, 0, 0),
(25, 1, 'UP-M1-W/Y 低容積面鏡 石灰白/ 起司黃', 1780, 1600, '・商品介紹\r\n-寬視野x低容積，運動性能優異的自由潛水面鏡 \r\n-頂級面鏡UP-M1C的平價版本 \r\n-UP-M1多彩版 : W石灰白水中更顯眼；Y起司黃美味色', NULL, 2, '2025-02-09 19:19:02', NULL, NULL, 0, 0),
(26, 1, 'ZERO3 低容積面鏡', 1680, 1550, '・商品介紹\r\n-寬視野x低容積，運動性能優異的自由潛水面鏡 \r\n-可視範圍更大，彷彿無面鏡般的自然視野 \r\n-美形外觀更酷炫', NULL, 1, '2025-02-09 19:21:07', NULL, NULL, 0, 0),
(27, 1, 'APNEA MASK單片式面鏡', 1900, NULL, '・商品介紹\r\n-視野無阻隔，水中世界一覽無遺 \r\n-低容積設計，兼具優質視野與運動性能 \r\n-美型X高性能', NULL, 0, '2025-02-09 20:15:04', NULL, NULL, 0, 0),
(28, 1, 'APNEA MASK單片式面鏡', 1900, NULL, NULL, NULL, NULL, '2025-02-09 20:17:05', NULL, NULL, 0, 0),
(29, 1, 'MICRO MASK低容積面鏡', 1700, NULL, '寬視野x低容積-運動性能優異的自由潛水面鏡 \r\n柔軟矽膠裙邊/鼻翼-密合度佳/極度好捏鼻平壓 \r\n高CP值的自潛漁獵好物', NULL, NULL, '2025-02-09 20:17:43', NULL, NULL, 0, 0),
(30, 1, 'STEEL COMP低容積面鏡', 2700, NULL, '經典高人氣款\r\n柔軟群邊更合臉\r\n低內容積設計，平壓更輕鬆', NULL, NULL, '2025-02-09 20:21:31', NULL, NULL, 0, 0),
(31, 1, 'STEEL PRO單片式面鏡', 2700, NULL, '視野無阻隔，輕鬆飽覽水中美景\r\n低容積設計，兼具寬視野與運動性能', NULL, NULL, '2025-02-09 20:28:23', NULL, NULL, 0, 0),
(32, 1, 'PIRANHA 低容積面鏡', 1850, NULL, '低容積 - 相較於傳統面鏡減少30%的內容積 \r\n寬視野 - 提供自然寬廣的水下視野 \r\n更輕量 - 121g的輕量化設計讓您配戴輕鬆無負擔', NULL, 1, '2025-02-09 20:28:23', NULL, NULL, 0, 0),
(33, 1, 'ONE 低容積面鏡 黑綠款', 1580, NULL, '寬視野x低容積，輕鬆飽覽水中生物 \r\n矽膠群邊，適應各種臉型 \r\n暗系配色，低調百搭', NULL, 3, '2025-02-09 20:29:38', NULL, NULL, 0, 0),
(34, 1, 'EXTREME 低容積面鏡', 1580, 1250, '寬視野x低容積，輕鬆飽覽水中生物 \r\n矽膠群邊，適應各種臉型 \r\n暗系配色，低調百搭', NULL, 1, '2025-02-09 20:29:38', NULL, NULL, 0, 0),
(35, 1, 'FREEDOM CEOS面鏡(M-212)', 2500, NULL, '專利圓角裙緣設計，可增加配戴舒適性與貼臉性，長時間使用亦不易殘留臉部痕跡。 \r\n輕量化雙重材質鏡框設計，強化撞擊耐受度並增加手感。 \r\n專利 3D 立體面鏡帶，固定性佳不易滑落而且舒適。', NULL, NULL, '2025-02-09 20:30:58', NULL, NULL, 0, 0),
(36, 1, 'L70 低容積面鏡 暗棕色', 1650, 1350, '寬視野x低容積，一般深度無須平壓 \r\n半無框輕量設計，下潛負擔更低', NULL, 2, '2025-02-09 20:30:58', NULL, NULL, 0, 0),
(37, 2, 'SUPER COMPENSATOR SILICON 單片式面鏡 無框設計/全景視野', 2550, NULL, '寬闊視野-單片圓鏡款式，提供更廣闊之視野 \r\n平壓容易-鼻下方内凹設計，平壓更輕鬆 \r\n舒適配戴-100%軟矽膠裙邊，配戴舒適無壓\r\n浮潛/水肺/自由潛水皆適用', '對BEUCHAT而言SUPER COMPENSATOR款式面鏡具有相當的歷史意義，在技術的提升下他們實現了無框注塑技術，將矽膠裙邊直接包覆於鏡片上，大大減少面鏡的體積與重量\r\n鏡片採無框設計；並將扣件設計於襯裙上，調整時更加服貼\r\n單片圓鏡款式，提供更廣闊之視野\r\n浮潛/水肺/自由潛水皆適用', 1, '2025-02-10 04:55:30', NULL, NULL, 0, 0),
(38, 2, 'MANTIS LV 潛水面鏡', 5500, NULL, '東方版型-GULL經典高階款式，特別適合亞洲人種 \r\n增豔抗UV-鏡片塗層阻擋UVA達80％，減少光線散射，視覺效果更好 \r\n舒適配戴-100%軟矽膠裙邊，配戴舒適無壓迫 \r\n日規高品質\r\n<輕鬆加價享超值組>賣場同步推出包含面鏡、防水盒、護髮帶等配件的超值組合', 'MANTIS是GULL長賣超過30年的一款面鏡，其中的高階版本MANTIS LV，鏡片增加了抗UV塗層，阻擋近80％的紫外線，減少光線散射；同時具有增豔效果\r\n擁有廣闊的視野與適合東方人種的小臉形設計，配戴時幾乎感覺不到它的存在。此外裙邊的設計讓您在面鏡排水時，只要由鼻輕吐氣即可排出海水，無須抬頭', 2, '2025-02-10 04:56:01', NULL, NULL, 0, 0),
(39, 2, 'AQUA PRO 潛水面鏡', 2200, NULL, '寬闊視野-單片圓鏡款式，提供更廣闊之視野 \r\n舒適配戴-100%軟矽膠裙邊，配戴舒適無壓迫 \r\n日製高品質', 'AQUA PRO是GULL相當具指標性的一款面鏡，具備極為廣闊的視野有助任何水底觀賞、探勘；同時也傳承著日本當地悠久的海女文化\r\n以鍛造不鏽鋼製成的邊框，以基本的結構增加耐用度；柔軟的矽膠裙邊提供更舒適的配帶體驗', 1, '2025-02-10 04:56:01', NULL, NULL, 0, 0),
(40, 2, 'ABYSS 潛水面鏡', 3000, NULL, '寬闊視野-單片圓鏡款式，提供更廣闊之視野 \r\n平壓容易-鼻下方内凹設計，平壓更輕鬆 \r\n舒適配戴-100%軟矽膠裙邊，配戴舒適無壓迫 \r\n日製高品質', 'ABYSS是GULL相當具指標性的一款面鏡，具備極為廣闊的視野有助任何水底觀賞、探勘；同時也傳承著日本當地悠久的海女文化\r\n以鍛造不鏽鋼製成的邊框，以基本的結構增加耐用度；鼻下方内凹設計，平壓更輕鬆', NULL, '2025-02-10 04:58:48', NULL, NULL, 0, 0),
(41, 3, 'BIO METAL PRO 手工拋光鏡框(經典海龍王)', 14500, NULL, '為享譽盛名的高階面鏡-自潛、水肺皆可用，更是專業首選\r\n高強度、高耐用度，銀色邊框帥氣有型\r\n專利寬視野-高強度鏡框讓左右鏡片間距拉近至7mm，視野無阻礙 \r\nTYPE A低容積-為系列款式內容積最低(60cc) \r\n可依需求選配多款器材(如手電筒、運動攝影機等)', '手工製不鏽鋼鏡框-高強度、高耐用度\r\n柔軟群邊，平壓順手\r\nTYPE A低容積-為系列款式內容積最低(60cc)\r\n可依需求選配多款器材(如手電筒、運動攝影機等)\r\n', NULL, '2025-02-10 04:59:44', NULL, NULL, 0, 0),
(42, 3, 'BIO METAL 多彩鋁合金鏡框(平民海龍王)', 7800, NULL, 'BIO-METAL PRO為APOLLO享譽盛名的高階面鏡-本款BIO METAL為輕量化鋁合金鏡框版本，繽紛色彩；自潛、水肺皆可用\r\n鋁合金鏡框輕量、多彩、高強度；柔軟群邊，平壓順手\r\n專利寬視野-高強度鏡框讓左右鏡片間距拉近至7mm，視野無阻礙 \r\nTYPE A低容積-為系列款式內容積最低(60cc)', NULL, NULL, '2025-02-10 05:02:20', NULL, NULL, 0, 0),
(43, 3, 'HUNTER低容積面鏡', 1200, NULL, '超低內容積設計，頂級柔軟的矽膠面罩，配帶舒適又貼臉，視野更寬廣、更清晰\r\n漁獵、攝影或自由潛水者的最佳選擇\r\n體積小可摺疊置于救生衣口袋內作為備用\r\n邊扣調整容易\r\n\r\n・可替換以下光學鏡片\r\n- OL203(近視強化鏡片)：100 ~ 600度 (每50度一單位)', NULL, NULL, '2025-02-11 03:58:15', NULL, NULL, 0, 0),
(44, 3, 'CORONA潛水面鏡', 950, NULL, '電鍍外框，時尚美觀、提升耐用度\r\n旋轉式邊扣易操作，柔軟的矽膠裙邊，舒適貼合臉型。\r\n\r\n可替換以下光學鏡片\r\n- OL-55(近視強化鏡片)：100 ~ 800度\r\n- OL-55M(電鍍近視強化鏡片)：100 ~ 800度 \r\n- OL-55+(老花鏡片)：100 ~ 400度 \r\n※以上鏡片每50度一單位', NULL, NULL, '2025-02-11 03:58:15', NULL, NULL, 0, 0),
(45, 3, 'PANORAMA 鋁合金潛水面鏡', 1800, NULL, '6000系列鋁合金陽極電鍍處理鏡框，質輕視野廣，堅固耐用\r\n\r\n可替換以下光學鏡片\r\n- OL-55(近視強化鏡片)：100 ~ 800度\r\n- OL-55M(電鍍近視強化鏡片)：100 ~ 800度 \r\n- OL-55+(老花鏡片)：100 ~ 400度 \r\n※以上鏡片每50度一單位', NULL, NULL, '2025-02-11 04:01:03', NULL, NULL, 0, 0),
(46, 3, 'M100 PANORAMA 鋁合金雙面鏡 炫彩 堅韌 質感 (BK)', 1800, NULL, NULL, NULL, NULL, '2025-02-11 04:03:25', NULL, NULL, 0, 0),
(47, 3, 'ALIEN 低容積面鏡 黑色款', 1350, NULL, '・商品介紹\r\n-寬視野x低容積，機能性十足的自潛/打魚好物 \r\n-裙邊採舒適矽膠，更貼合臉型 \r\n-百搭黑色款最實用', NULL, 1, '2025-02-11 04:04:40', NULL, NULL, 0, 0),
(48, 3, 'ALIEN 低容積面鏡 迷彩款', 1350, NULL, '寬視野x低容積，機能性十足的自潛/打魚好物 \r\n裙邊採舒適矽膠，更貼合臉型 \r\n3種迷彩樣式，搭配呼吸管更有型', NULL, NULL, '2025-02-11 04:04:40', NULL, NULL, 0, 0),
(49, 3, 'FREEDOM CEOS面鏡(M-212)', 2500, NULL, '專利圓角裙緣設計，可增加配戴舒適性與貼臉性，長時間使用亦不易殘留臉部痕跡。 \r\n輕量化雙重材質鏡框設計，強化撞擊耐受度並增加手感。 \r\n專利 3D 立體面鏡帶，固定性佳不易滑落而且舒適。', NULL, NULL, '2025-02-11 04:09:35', NULL, NULL, 0, 0),
(50, 3, 'BIO METAL-近視鏡片(適用海龍王)/單片', 1700, NULL, '無需配戴隱眼，即可飽覽海中美景 \r\n\r\n・購買須知\r\n-連同APOLLO面鏡購買將提供免費安裝\r\n-因水中即有放大效果，可選擇比實際少(如50-100度)之度數\r\n -650~900高度近視款需由日本原廠訂製，單片價格$3,350\r\n-售價為單片，若同時需左&右眼請各別加入購物車結帳即可', NULL, NULL, '2025-02-11 04:13:30', NULL, NULL, 0, 0),
(51, 3, 'MC-7500-近視鏡片(適用M-212/M-28/M-40/TM-7500)', 650, NULL, '無需配戴隱眼，即可飽覽海中美景 \r\n因水中視覺具放大效果，可選擇比實際少(如50度)之度數 \r\n\r\n・商品介紹\r\n-適用TUSA面鏡款式 M-212/ M-28/ M-40/ TM-7500\r\n-連同TUSA面鏡購買將提供免費安裝。 \r\n-商品為單片，左/右眼皆適用。', NULL, NULL, '2025-02-11 04:13:30', NULL, NULL, 0, 0),
(52, 4, 'ACTIVA TUBAIR 特軟呼吸管', 770, NULL, '・矽膠咬嘴，柔軟易使用 \r\n・特柔軟可折管身，收納更容易 \r\n・浮潛/水肺/自由潛水皆適用', NULL, 6, '2025-02-11 04:14:20', NULL, NULL, 0, 0),
(53, 4, 'SPY軟式呼吸管', 850, NULL, '矽膠咬嘴，柔軟易使用\r\n多色選擇，穿搭最有型\r\n浮潛 /水肺 /自由潛水皆適用\r\n可搭配同色MAXLUX S 單片式面鏡', NULL, NULL, '2025-02-11 04:14:20', NULL, NULL, 0, 0),
(54, 4, 'Meltemi 正浮力呼吸管 (福利品)', 950, 880, '管口下緣有小缺角，外觀瑕疵不影響使用，商品狀況可參考實拍圖。\r\n\r\n抗敏矽膠咬嘴，柔軟舒適，\r\n管身扁平設計，當配戴時能更輕鬆的移動，同時提升舒適度，\r\n讓你擁有更好的潛水體驗。', NULL, 5, '2025-02-11 04:33:13', NULL, NULL, 0, 0),
(55, 4, 'MISTRAL呼吸管', 720, NULL, '・商品介紹\r\n-矽膠咬嘴，柔軟舒適\r\n-中段為半剛性軟塑料/末段為柔軟度較高之塑料，有助保持管身出水\r\n-搭配同色系面鏡，帥度再上一層\r\n-・火石紅樣式表面採水轉印技術印刷；圖案會隨使用磨耗造成色落情形，皆屬正常現象、無法認定為瑕疵，還請知悉。', NULL, NULL, '2025-02-11 04:33:13', NULL, NULL, 0, 0),
(56, 4, 'MISTRAL SOFT呼吸管(黑)', 790, NULL, '舒適矽膠咬嘴，管身柔軟易收納', NULL, NULL, '2025-02-11 04:38:52', NULL, NULL, 0, 0),
(57, 4, 'UP-SN1 呼吸管', 710, NULL, '・商品介紹\r\n-矽膠塑料咬嘴-舒適柔軟 \r\n-搭配硬式結構塑料-吸氣更容易 \r\n-四色選擇，同系列面鏡/防寒衣有型好搭', NULL, 6, '2025-02-11 04:38:52', NULL, NULL, 0, 0),
(58, 4, 'Zoom 呼吸管 迷彩三色', 1180, 1050, '・高級黑矽膠咬嘴-舒適柔軟 \r\n・3種迷彩塗裝-隱身於無形', '左:BLACKMOON(黑月迷彩) / 中: CAMU 3D(岩石迷彩) / 右:SEA GREEN(海草迷彩)', 3, '2025-02-11 04:43:13', NULL, NULL, 0, 0),
(59, 4, 'MIMETIC 呼吸管浮力套', 185, NULL, '・商品介紹\r\n-避免呼吸管下沉的法寶 \r\n-水中偽裝隱身必備 \r\n-3種迷彩配色可選\r\n\r\n*本商品不包含呼吸管', '左:REEF(珊瑚迷彩) / 中:SEA GREEN(海草迷彩) /  右:CAMU 3D(岩石迷彩)\r\n*本商品不包含呼吸管', NULL, '2025-02-11 04:45:51', NULL, NULL, 0, 0),
(60, 4, 'Zoom Pro 呼吸管', 700, NULL, '・商品介紹\r\n-高級黑矽膠咬嘴-舒適柔軟 \r\n-基本素黑(軟式)/透明款(硬式)，面鏡/防寒衣百搭', NULL, 1, '2025-02-11 04:48:19', NULL, NULL, 0, 0),
(61, 4, 'SHIFT軟式呼吸管', 590, NULL, '符合人體工學的咬嘴，它是各種類型潛水人員的理想呼吸管。\r\n堅固的結構可確保經久耐用，\r\n呼吸管的直徑使得管內空氣交換效果絕佳，\r\n一旦潛水員到達水面，獨特開口設計可減少多餘海水進入，\r\n並有利海水輕易排出，完美曲線更能與Abalone面鏡完美組合。\r\n\r\n・商品介紹\r\n-柔軟管身 - 完美貼合臉部曲線/體積小好收納\r\n-亮眼帥氣 - 搭配同款面鏡，在海中搶眼吸睛\r\n-高級矽膠咬嘴 - 舒適柔軟不傷口腔', NULL, 5, '2025-02-11 04:56:16', NULL, NULL, 0, 0),
(62, 4, 'SLALOM 軟式呼吸管', 970, NULL, '・舒適柔軟-高級黑矽膠咬嘴 \r\n・減低水阻-依流體力學設計之頭部曲線 \r\n・獨特開口設計-於水面時減少多餘海水進入', '低水阻管身-依流體力學設計符合頭部曲線\r\n高級黑矽膠咬嘴-舒適柔軟，可任意彎曲', NULL, '2025-02-11 04:57:24', NULL, NULL, 0, 0),
(63, 4, 'MED軟式呼吸管', 590, NULL, '高級黑矽膠咬嘴-舒適柔軟 \r\n管身彈性材質-使用順手貼臉', NULL, NULL, '2025-02-11 04:57:24', NULL, NULL, 0, 0),
(64, 4, 'APNEA SNORKEL軟式呼吸管', 750, NULL, '柔軟管身-合臉/好收納\r\n呼吸順暢-末端為硬質塑膠，有助保持出水\r\n搭配同色面鏡，帥度再上一層', NULL, NULL, '2025-02-11 04:59:07', NULL, NULL, 0, 0),
(65, 4, 'BREEZE呼吸管 迷彩款', 1100, NULL, '高級黑矽膠咬嘴-舒適柔軟 \r\n3種迷彩塗裝-隱身於無形', NULL, NULL, '2025-02-11 05:00:03', NULL, NULL, 0, 0),
(66, 5, 'AntiFog 防霧劑(NG品)', 490, 350, '商品情形：瓶內防霧劑滲出，剩餘約7-8成容量。\r\n\r\n・商品介紹\r\n-塗抹於面鏡內側，靜置鏡片上2分鐘，用淡水沖洗。\r\n-每瓶容量50ml；每次建議用量3/4 ml。\r\n-多用途防霧-可適用於潛水面鏡、蛙鏡、雪鏡等。', NULL, 7, '2025-02-12 08:02:11', NULL, NULL, 0, 0),
(67, 5, 'AntiFog 防霧劑(50ML)', 490, NULL, '多用途防霧-可適用於潛水面鏡、蛙鏡、雪鏡等。\r\n\r\n・使用方法\r\n-塗抹於面鏡內側，靜置鏡片上2分鐘，用淡水沖洗。\r\n-每瓶容量50ml；每次建議用量3/4 ml。', 'C4與專業生產清潔產品的 ChanteClair合作，共同開發了Absolute Cleaner和Extreme Antifog解決霧氣問題。', 5, '2025-02-12 08:03:30', NULL, NULL, 0, 0),
(68, 5, 'Cleaner 清潔劑(50ML)', 555, NULL, 'C4與專業生產清潔產品的ChanteClair合作，共同開發了Absolute Cleaner，除去鏡片上的矽油以解決霧氣問題。', NULL, NULL, '2025-02-12 08:03:30', NULL, NULL, 0, 0),
(69, 5, '防霧劑/天然配方(20ML)', 350, NULL, '・商品介紹\r\n-多用途防霧-可適用於潛水面鏡、蛙鏡、雪鏡等。\r\n-不刺激-植物成分提煉，沾到眼睛不刺痛。\r\n-環境友善-可生物降解，不影響環境。\r\n\r\n・使用方法\r\n-噴於面鏡內側，輕微晃動讓液體均勻分布鏡面即可，無須過水。\r\n-每瓶容量20ml；每次按壓噴灑量約0.15ml。', NULL, 1, '2025-02-12 08:04:36', NULL, NULL, 0, 0),
(70, 6, '萬用面鏡盒 EVA材質/高包覆性', 200, NULL, '體積小、結構挺，可提供良好的支撐與保護；面鏡不再刮傷壓壞。\r\n潛水/自潛各種面鏡適用。\r\n\r\n・商品介紹\r\n-尺寸W18 x L12 x H9 cm', NULL, NULL, '2025-02-12 08:09:09', NULL, NULL, 0, 0),
(71, 6, '大包覆款矽膠面鏡帶', 350, NULL, '・商品介紹\r\n-帶身採大塊面頭部固定設計，減少壓迫。\r\n-適用OMER各款面鏡', NULL, 3, '2025-02-12 08:09:09', NULL, NULL, 0, 0),
(72, 6, '基本款矽膠面鏡帶 /多款適用', 270, NULL, '・商品介紹\r\n-OMER各款面鏡皆適用', NULL, NULL, '2025-02-12 08:09:09', NULL, NULL, 0, 0),
(73, 6, 'PIRANHA 矽膠面鏡帶', 240, NULL, '原廠專為PIRANHA面鏡提供的面鏡帶替換品\r\n本商品為面鏡帶替換品，安裝於塑膠扣具上', NULL, 7, '2025-02-12 08:09:09', NULL, NULL, 0, 0),
(74, 6, 'MYSTIC 矽膠面鏡帶', 240, NULL, '原廠專為MYSTIC面鏡提供的面鏡帶替換品\r\n本商品為面鏡帶替換品，安裝於塑膠扣具上\r\n\r\n', NULL, NULL, '2025-02-12 08:09:09', NULL, NULL, 0, 0),
(75, 6, 'PIRANHA 扣具組', 260, NULL, '原廠專為PIRANHA面鏡提供的扣具組替換品 \r\n乙組包含左右二邊，可供乙副面鏡使用\r\n本商品為扣具替換品，安裝於矽膠群邊上', NULL, 4, '2025-02-12 08:09:09', NULL, NULL, 0, 0),
(76, 6, '面鏡護髮帶/雙面配色', 600, 385, '長髮海人救星-避免面鏡帶拉扯秀髮 \r\n正反2色搭配', NULL, 3, '2025-02-12 08:09:09', NULL, NULL, 0, 0),
(77, 6, '面鏡護髮帶 (雙面配色)', 650, NULL, '長髮海人救星-避免面鏡帶拉扯秀髮 \r\n正反2色自由變換', NULL, 1, '2025-02-12 08:09:09', NULL, NULL, 0, 0),
(78, 6, '面鏡護髮帶', 800, NULL, '', NULL, 2, '2025-02-12 08:09:09', NULL, NULL, 0, 0),
(79, 6, '面鏡保護帶', 600, NULL, NULL, NULL, 1, '2025-02-12 08:09:09', NULL, NULL, 0, 0),
(80, 7, 'ULTRA Pro 碳纖維長蛙鞋 (PROBLUE腳套)', 19980, 19970, '適合已有經驗的潛水員。\r\n以OOA成形技術為基礎，保有LAZYFISH經典的V-CUT抗扭轉疊層，同時加強全邊框防斷結構。結合仿生理念，將魚類尾柄處產生推進力的結構特性引入碳纖維蹼板的設計中。不同於直接漸縮蹼板的做法，研發新穎的設計，通過減少蹼板無作用表面積區塊，從而顯著降低踢動阻力，有效提升碳纖維的回彈速率。\r\n\r\n軟硬度\r\n-SOFT (軟）：適用於體重65公斤以下\r\n-MEDIUM (中）：適用於體重66-80公斤\r\n\r\n・部分尺寸為預購，請先與我們確認庫存及預購等待時間，恕不接受退/換貨。', NULL, NULL, '2025-02-12 08:27:01', NULL, NULL, 0, 0),
(81, 7, 'ULTRA Pro 碳纖維長蛙鞋 (PATHOS腳套)', 19980, 19980, '適合已有經驗的潛水員。\r\n以OOA成形技術為基礎，保有LAZYFISH經典的V-CUT抗扭轉疊層，同時加強全邊框防斷結構。結合仿生理念，將魚類尾柄處產生推進力的結構特性引入碳纖維蹼板的設計中。不同於直接漸縮蹼板的做法，研發新穎的設計，通過減少蹼板無作用表面積區塊，從而顯著降低踢動阻力，有效提升碳纖維的回彈速率。\r\n\r\n軟硬度\r\n-SOFT (軟）：適用於體重65公斤以下\r\n-MEDIUM (中）：適用於體重66-80公斤\r\n\r\n\r\n・已含腳套及黏膠組裝服務，黏膠組裝款式恕無法提供退/換貨', NULL, NULL, '2025-02-12 08:27:01', NULL, NULL, 0, 0),
(82, 7, 'CS1碳纖維蛙鞋/修復品', 20800, 18800, '高強韌/高回彈碳纖維板，全新真空灌注技術手工製成。 \r\n高合腳度腳套，踢動更貼合 \r\n世界冠軍ALEXEY親自研發測試 \r\n\r\n・商品介紹\r\n-蛙鞋尺寸(含腳套)：82 x 19.2 cm\r\n-湖水綠/ 硬度S/ 腳長22.5/ 腳掌圍21.5cm\r\n-本款式已包含腳套\r\n\r\n・商品狀況 : 全新，單支蹼面末端運送時有壓痕產生，採用膠黏修復、不影響使用與性能。', NULL, 1, '2025-02-12 08:29:43', NULL, NULL, 0, 0),
(83, 7, '全碳纖維長蛙板：迷幻未來 FUTURIC', 10600, NULL, '極高CP值，加購腳套優雅升級碳纖維 \r\n平民版碳纖維，低總價高性能 \r\n尺寸完整，小腳女孩輕鬆著用\r\n\r\n・商品介紹\r\n-裸板尺寸80 x 20cm\r\n-腳套搭配建議: LEADERFINS - FORZA (螺絲組裝)\r\n-不同批生產之LEADERFINS蛙鞋板軟硬度可能略有差異，還請知悉\r\n\r\n・此商品不含腳套，請另行選購；賣場蛙鞋板/腳套商品皆未組裝，需代客組裝請下單組裝費用。', NULL, 1, '2025-02-12 08:29:43', NULL, NULL, 0, 0),
(84, 7, 'PRANA 碳纖維長蛙鞋板(MARES/PATHOS規格)', 15800, 9350, '義大利原裝進口，自由潛水/打魚最佳選擇 \r\n3D剛性結構碳纖維，韌性x彈性再升級 \r\n短板面設計，有助於水面、浪區的操控性\r\n\r\n・商品介紹\r\n-裸版尺寸78 x 18.5cm/ 折角始算蹼面長度66.5cm\r\n-腳套搭配建議:PATHOS(膠黏固定) / MARES - RAZOR(螺絲組裝)\r\n\r\n・此商品不含腳套，請另行選購；賣場蛙鞋板/腳套商品皆未組裝，需代客組裝請下單組裝費用。', '高彈性&高剛性-採3D剛性結構製成之碳纖維板面，增加推進效率與耐用性。\r\n精悍的尺寸78x18.5cm，助於對抗不同方向之水流，於小深度靈活移動。\r\n來自義大利的頂級材料工藝，共有中(M)/軟(S)二種硬度', 3, '2025-02-12 08:32:43', NULL, NULL, 0, 0),
(85, 7, 'SUPREME 碳纖維長蛙鞋板', 12800, NULL, '・商品介紹\r\n-裸版尺寸89.5 x 20 cm\r\n-折腳角度: 33° \r\n-腳套搭配建議: PATHOS(膠黏組裝)\r\n-點我選購PATHOS腳套\r\n\r\n・此商品不含腳套，請另行選購；賣場蛙鞋板/腳套商品皆未組裝，需代客組裝請下單組裝費用。', NULL, 1, '2025-02-12 08:32:43', NULL, NULL, 0, 0),
(86, 7, 'ULTIMATE 碳纖維長蛙鞋板', 9900, NULL, '・商品介紹\r\n-裸版尺寸82.5 x 19.4 cm\r\n-折腳角度: 28° \r\n-腳套搭配建議: PATHOS(膠黏組裝)\r\n-點我選購PATHOS腳套\r\n\r\n・此商品不含腳套，請另行選購；賣場蛙鞋板/腳套商品皆未組裝，需代客組裝請下單組裝費用。', NULL, 1, '2025-02-12 08:32:43', NULL, NULL, 0, 0),
(87, 7, 'MAXIMUM 碳纖維長蛙鞋板', 9500, NULL, '・商品介紹\r\n-裸版尺寸75 x 19.3 cm\r\n-折腳角度: 24° \r\n-腳套搭配建議: PATHOS(膠黏組裝)\r\n-點我選購PATHOS腳套\r\n\r\n・此商品不含腳套，請另行選購；賣場蛙鞋板/腳套商品皆未組裝，需代客組裝請下單組裝費用。', NULL, 1, '2025-02-12 08:32:43', NULL, NULL, 0, 0),
(88, 7, 'AERO 全碳纖維長蛙鞋板 經典款', 13800, 8400, '義大利頂級材料工藝，彈性x強韌板材，推進力再升級 \r\n讓您以少許力氣換取高動能的實用好物 \r\n可加購專屬訂製服務，打造獨一無二的蛙鞋\r\n \r\n・商品介紹\r\n-裸版尺寸80 x 20cm\r\n-腳套搭配建議: C4 SCARPE(螺絲組裝)\r\n\r\n此商品不含腳套，請另行選購；賣場蛙鞋板/腳套商品皆未組裝，需代客組裝請下單組裝費用。', '100%預浸技術及熱塑技術的碳纖維材料，讓板面兼具強韌度與彈性，除增加雙腳推進效率、避免不必要的疲勞，也延長了使用壽命。\r\n經典款的導水條較為粗大，踢起來腳感較強，帶來大幅度速度感*安裝方式取決於您所選擇隻鞋套，包括膠黏固定與螺絲鎖定，並會視導水條狀況將腳套多餘之龍骨截短，以達最佳導水效果。\r\n', 1, '2025-02-12 08:42:34', NULL, NULL, 0, 0),
(89, 7, 'FORCE全碳纖長蛙 /銀字特惠版', 19250, 11550, '輕柔強韌-納米碳纖維技術蛙鞋板，絕佳的柔軟強韌度 \r\n超輕量-以波浪型結構加強，板材厚度更輕薄(單支僅300g) \r\n\r\n・商品介紹\r\n-裸版尺寸85 x 20cm\r\n-軟硬度1-3 (數字越大越硬)。\r\n-焦色為原廠在銀色字塗裝上的色偏狀況，皆不影響功能/壽命與保固。\r\n-腳套搭配建議:CETMA S-WING(螺絲組裝) / PATHOS(膠粘組裝)。\r\n\r\n此商品不含腳套，請另行選購；賣場蛙鞋板/腳套商品皆未組裝，需代客組裝請下單組裝費用。', '焦色為原廠在銀色LOGO塗裝上的色偏狀況，每張板部位、範圍略有差異，皆不影響功能/壽命與保固。\r\n白邊條版本同步供貨', 1, '2025-02-12 08:42:34', NULL, NULL, 0, 0),
(90, 7, 'FORCE全碳纖維長蛙板(S-WING規格)', 19250, 15400, '世界首款-納米碳纖維技術蛙鞋板，絕佳的彎曲強韌度 \r\n超輕量-以波浪型結構加強，板材厚度更輕薄(單支僅300g) \r\n\r\n・商品介紹\r\n-裸版尺寸85 x 20cm\r\n-軟硬度1-3 (數字越大越硬)\r\n-腳套搭配建議:S-WING(螺絲組裝)\r\n\r\n・此商品不含腳套，請另行選購；賣場蛙鞋板/腳套商品皆未組裝，需代客組裝請下單組裝費用。', '採用世界首創奈米塗層，強化了碳纖維板的韌度與彈性，使用壽命更長。\r\n改版的FORCE帶來更強的推進力，並有不同軟硬度可選(1-3 / 數字越大越硬)\r\nFORCE是CARBONIO GFT在材質創新上又一力作，不論外型/性能皆有高完成度的演出\r\n現貨可搭CETMA S-WING規格腳套，傳導力絕佳\r\n白邊條版本同步供貨', NULL, '2025-02-12 08:45:29', NULL, NULL, 0, 0),
(91, 7, 'FORCE全碳纖維長蛙板(PATHOS規格)', 19250, 15400, '世界首款-納米碳纖維技術蛙鞋板，絕佳的彎曲強韌度 \r\n超輕量-以波浪型結構加強，板材厚度更輕薄(單支僅300g) \r\n\r\n・商品介紹\r\n-裸版尺寸85 x 20cm\r\n-軟硬度1-3 (數字越大越硬)\r\n-腳套搭配建議:PATHOS\r\n\r\n・此商品不含腳套，請另行選購；賣場蛙鞋板/腳套商品皆未組裝，需代客組裝請下單組裝費用。', NULL, 1, '2025-02-12 08:45:29', NULL, NULL, 0, 0),
(92, 7, 'DUAL CARBON FINS PAIR 全碳纖蛙鞋', 13300, 9000, '全碳纖維設計，不只加強蛙鞋板在單點的壓力耐受度，整體蛙鞋板強韌度再升級。\r\n搭配獨家流體力學優勢，傳動效率再提升 \r\n\r\n・商品介紹\r\n-導水條為紅色\r\n-裸板總長80cm/板寬19.5cm\r\n-本款式已包含腳套', NULL, 3, '2025-02-12 08:51:02', NULL, NULL, 0, 0),
(93, 7, 'V3碳纖維長蛙鞋', 18850, 17700, NULL, NULL, NULL, '2025-02-12 08:51:02', NULL, NULL, 0, 0),
(94, 7, 'V3 30碳纖維長蛙鞋(搭C4-300腳套)', 20000, 19300, '・ 組合內含\r\n-V3 30碳纖維蛙鞋板*1雙\r\n-C4 300腳套*1雙\r\n-膠黏組裝\r\n\r\n・V3 30碳纖維蛙鞋板\r\n-裸版尺寸80 x 19.5cm\r\n-折腳起算長度為65cm / 折腳角度30°\r\n\r\n・C4 300腳套\r\n獨步全球最輕巧-複合塑料材質，單支重量僅316g的蛙鞋套(40-41尺寸) \r\n高傳導性-窄版腳型，包覆性佳', NULL, NULL, '2025-02-12 08:52:40', NULL, NULL, 0, 0),
(95, 7, 'V3 30碳纖維長蛙鞋(搭C4-400腳套)', 19550, 19300, '・ 組合內含\r\n-V3 30碳纖維蛙鞋板*1雙\r\n-C4 400腳套*1雙\r\n-膠黏組裝\r\n\r\n・V3 30碳纖維蛙鞋板\r\n-裸版尺寸80 x 19.5cm\r\n-折腳起算長度為65cm / 折腳角度30°\r\n\r\n・C4 400腳套\r\n高相容性-C4 300/400系列蛙鞋板皆可搭配\r\n穿脫便利-熱塑性橡膠材質，彈性好穿\r\n低負擔-390g輕量設計(42-43尺寸) \r\n包覆性佳-窄版腳型，力量傳導更好', NULL, NULL, '2025-02-12 08:52:40', NULL, NULL, 0, 0),
(96, 7, 'V3 碳纖維長蛙板', 14900, NULL, '・商品介紹\r\n-裸版尺寸75 x 19.5cm\r\n-折腳起算長度為63cm / 折腳角度23°\r\n-建議搭配PATHOS(膠黏組裝)\r\n\r\n・此商品不含腳套，請另行選購；賣場蛙鞋板/腳套商品皆未組裝，需代客組裝請下單組裝費用。', NULL, 1, '2025-02-12 09:06:24', NULL, NULL, 0, 0),
(97, 7, 'V3-30 碳纖維長蛙板', 16300, NULL, '・商品介紹\r\n-裸版尺寸80 x 19.5cm\r\n-折腳起算長度為65cm / 折腳角度30°\r\n-建議搭配C4-300 / C4-400 / C4-250腳套(膠黏組裝)\r\n\r\n・此商品不含腳套，請另行選購；賣場蛙鞋板/腳套商品皆未組裝，需代客組裝請下單組裝費用。', NULL, 1, '2025-02-12 09:06:24', NULL, NULL, 0, 0),
(98, 7, 'DYNAMI TECH L 碳纖長蛙裸板', 15000, NULL, '輕盈靈活的DYNAMI-TECH針對深度玩家所推出的L長版 ，保留板身的輕柔，以加長蹼面強化推進的力道\r\n3D剛性結構碳纖維，韌性x彎曲度再升級 \r\n採共振作用設計之板面，在泳池訓練/水中漁獵保有優異靈活性 \r\n\r\n・商品介紹\r\n-裸板尺寸約75 x 18.5cm /折角始算蹼面長度65cm/ 折腳角度27˚\r\n-腳套搭配建議: CETMA - S WING(螺絲組裝)\r\n\r\n・此商品不含腳套，請另行選購；賣場蛙鞋板/腳套商品皆未組裝，需代客組裝請下單組裝費用。', '性能X質感，MANTRA帶給您精品般的碳纖維材料工藝\r\n本款為S-WING腳套專用的鞋板尺寸，可看見腳板部位加長延伸至足跟位置，讓您的腿力傳導更充分。', 2, '2025-02-12 09:06:24', NULL, NULL, 0, 0),
(99, 7, 'EDGE 碳纖維長蛙裸板(S-WING規格)', 17500, NULL, '義大利原裝進口，自由潛水/打魚最佳選擇 \r\n3D剛性結構碳纖維，帶給您強勁的推力與回彈力 \r\n區域性彎曲係數調整，深度上下一氣呵成 \r\n\r\n・商品介紹\r\n-裸版尺寸約94 x 19.5cm/ 折角始算蹼面長度72cm/ 折腳角度27° \r\n-腳套搭配建議: CETMA - S WING(螺絲組裝)\r\n\r\n・此商品不含腳套，請另行選購；賣場蛙鞋板/腳套商品皆未組裝，需代客組裝請下單組裝費用。', 'EDGE蛙鞋板採用100% IM7碳纖維製成，具有韌性強/高回彈的特性\r\n硬度稍微硬一些(與相同硬度的MANTRA相比)，長度偏長，腳感與推力會更為明顯，\r\n蹼尖、鞋跟處設計採不同彎曲係數，延伸踢腿力道，增加推進力，適用需要大推力的使用情境。', NULL, '2025-02-19 08:59:17', NULL, NULL, 0, 0),
(100, 7, 'LOTUS 碳纖維雙蹼蛙鞋', 29500, NULL, '賽場王者-TARAS的改革姊妹款，擁有與TARAS同等級的高性能，但耗能更低。\r\n搭配專屬LOTUS腳套，天然橡膠材質，開放式鞋跟設計，合腳同時保有舒適度。\r\n\r\n・商品介紹\r\n-含腳套尺寸：長85 x 寬19cm\r\n-腳套搭配：LOTUS腳套(螺絲組裝)\r\n\r\n・此商品已含腳套與組裝服務。', NULL, NULL, '2025-02-19 09:10:32', NULL, NULL, 0, 0);

-- --------------------------------------------------------

--
-- 資料表結構 `rent_material`
--

CREATE TABLE `rent_material` (
  `id` int(10) UNSIGNED NOT NULL,
  `name` varchar(255) DEFAULT NULL
) ENGINE=InnoDB DEFAULT CHARSET=utf8mb4 COLLATE=utf8mb4_unicode_ci;

--
-- 傾印資料表的資料 `rent_material`
--

INSERT INTO `rent_material` (`id`, `name`) VALUES
(1, ''),
(2, '');

-- --------------------------------------------------------

--
-- 資料表結構 `rent_order`
--

CREATE TABLE `rent_order` (
  `id` int(11) NOT NULL,
  `member_id` int(11) NOT NULL COMMENT '連會員資料表'
) ENGINE=InnoDB DEFAULT CHARSET=utf8mb4 COLLATE=utf8mb4_unicode_ci COMMENT='租借訂單主表';

-- --------------------------------------------------------

--
-- 資料表結構 `rent_order_detail`
--

CREATE TABLE `rent_order_detail` (
  `id` int(11) NOT NULL,
  `order_id` int(11) NOT NULL COMMENT '關聯訂單主表',
  `rent_order_id` int(11) NOT NULL,
  `rent_item_id` int(11) NOT NULL,
  `quantity` int(11) NOT NULL COMMENT '數量',
  `start_date` date NOT NULL COMMENT '租借開始日',
  `end_date` date NOT NULL COMMENT '預借歸還日',
  `unit_price` decimal(10,0) NOT NULL COMMENT '租借時單價',
  `unit_deposit` decimal(10,0) NOT NULL COMMENT '租借時押金',
  `subtotal` decimal(10,0) NOT NULL COMMENT '小計 = (unit_price × quantity × rental_days)'
) ENGINE=InnoDB DEFAULT CHARSET=utf8mb4 COLLATE=utf8mb4_unicode_ci COMMENT='租借訂單明細表';

-- --------------------------------------------------------

--
-- 資料表結構 `rent_size`
--

CREATE TABLE `rent_size` (
  `id` int(10) UNSIGNED NOT NULL,
  `name` varchar(255) DEFAULT NULL
) ENGINE=InnoDB DEFAULT CHARSET=utf8mb4 COLLATE=utf8mb4_unicode_ci;

--
-- 傾印資料表的資料 `rent_size`
--

INSERT INTO `rent_size` (`id`, `name`) VALUES
(1, 'xs'),
(2, 's'),
(3, 'L'),
(4, 'XL'),
(5, '2XL'),
(6, '3XL'),
(7, '2XSTT'),
(8, 'XSTT'),
(9, 'STT'),
(10, 'MTT'),
(11, 'LTT'),
(12, 'XLTT'),
(13, '31-32'),
(14, '33-34'),
(15, '35-36'),
(16, '37-38'),
(17, '39-40'),
(18, '41-42'),
(19, '43-44'),
(20, '45-46'),
(21, '47-48'),
(22, '49-50');

-- --------------------------------------------------------

--
-- 資料表結構 `rent_specification`
--

CREATE TABLE `rent_specification` (
  `id` int(11) NOT NULL,
  `rent_item_id` int(11) NOT NULL,
  `brand_id` int(11) NOT NULL,
  `color_id` int(11) DEFAULT NULL,
  `size_id` int(11) DEFAULT NULL,
  `thickness_id` int(11) DEFAULT NULL,
  `material_id` int(11) DEFAULT NULL,
  `is_deleted` tinyint(4) NOT NULL DEFAULT 0 COMMENT '0:未刪除;1:已刪除'
) ENGINE=InnoDB DEFAULT CHARSET=utf8mb4 COLLATE=utf8mb4_general_ci;

--
-- 傾印資料表的資料 `rent_specification`
--

INSERT INTO `rent_specification` (`id`, `rent_item_id`, `brand_id`, `color_id`, `size_id`, `thickness_id`, `material_id`, `is_deleted`) VALUES
(1, 2, 8, 1, NULL, NULL, NULL, 0),
(2, 2, 8, 2, NULL, NULL, NULL, 0),
(3, 2, 8, 3, NULL, NULL, NULL, 0),
(4, 4, 7, 2, NULL, NULL, NULL, 0),
(5, 4, 7, 4, NULL, NULL, NULL, 0),
(6, 4, 7, 5, NULL, NULL, NULL, 0),
(7, 4, 7, 6, NULL, NULL, NULL, 0),
(8, 4, 7, 7, NULL, NULL, NULL, 0),
(9, 4, 7, 8, NULL, NULL, NULL, 0),
(10, 4, 7, 9, NULL, NULL, NULL, 0),
(11, 5, 13, 10, NULL, NULL, NULL, 0),
(12, 5, 13, 11, NULL, NULL, NULL, 0),
(13, 5, 13, 12, NULL, NULL, NULL, 0),
(14, 5, 13, 13, NULL, NULL, NULL, 0),
(15, 5, 13, 14, NULL, NULL, NULL, 0),
(16, 5, 13, 15, NULL, NULL, NULL, 0),
(17, 5, 13, 16, NULL, NULL, NULL, 0),
(18, 5, 13, 17, NULL, NULL, NULL, 0),
(19, 5, 13, 18, NULL, NULL, NULL, 0),
(20, 5, 13, 19, NULL, NULL, NULL, 0),
(21, 5, 13, 20, NULL, NULL, NULL, 0),
(22, 5, 13, 21, NULL, NULL, NULL, 0),
(23, 5, 13, 22, NULL, NULL, NULL, 0),
(24, 5, 13, 23, NULL, NULL, NULL, 0),
(25, 5, 13, 24, NULL, NULL, NULL, 0),
(26, 6, 17, 11, NULL, NULL, NULL, 0),
(27, 6, 17, 25, NULL, NULL, NULL, 0),
(28, 6, 17, 26, NULL, NULL, NULL, 0),
(29, 7, 17, 4, NULL, NULL, NULL, 0),
(30, 7, 17, 11, NULL, NULL, NULL, 0),
(31, 7, 17, 13, NULL, NULL, NULL, 0),
(32, 7, 17, 27, NULL, NULL, NULL, 0),
(33, 7, 17, 28, NULL, NULL, NULL, 0),
(34, 9, 17, 4, NULL, NULL, NULL, 0),
(35, 9, 17, 13, NULL, NULL, NULL, 0),
(36, 9, 17, 29, NULL, NULL, NULL, 0),
(37, 9, 17, 30, NULL, NULL, NULL, 0),
(38, 9, 17, 31, NULL, NULL, NULL, 0),
(39, 11, 30, 11, NULL, NULL, NULL, 0),
(40, 11, 30, 19, NULL, NULL, NULL, 0),
(41, 11, 30, 32, NULL, NULL, NULL, 0),
(42, 11, 30, 33, NULL, NULL, NULL, 0),
(43, 12, 30, 34, NULL, NULL, NULL, 0),
(44, 12, 30, 35, NULL, NULL, NULL, 0),
(45, 12, 30, 36, NULL, NULL, NULL, 0),
(46, 12, 30, 37, NULL, NULL, NULL, 0),
(47, 12, 30, 38, NULL, NULL, NULL, 0),
(48, 13, 30, 3, NULL, NULL, NULL, 0),
(49, 13, 30, 11, NULL, NULL, NULL, 0),
(50, 19, 35, 11, NULL, NULL, NULL, 0),
(51, 19, 35, 39, NULL, NULL, NULL, 0),
(52, 20, 37, 11, NULL, NULL, NULL, 0),
(53, 20, 37, 40, NULL, NULL, NULL, 0),
(54, 20, 37, 41, NULL, NULL, NULL, 0),
(55, 20, 37, 42, NULL, NULL, NULL, 0),
(56, 20, 37, 43, NULL, NULL, NULL, 0),
(57, 23, 41, 44, NULL, NULL, NULL, 0),
(58, 23, 41, 45, NULL, NULL, NULL, 0),
(59, 23, 41, 46, NULL, NULL, NULL, 0),
(60, 23, 41, 47, NULL, NULL, NULL, 0),
(61, 24, 41, 48, NULL, NULL, NULL, 0),
(62, 24, 41, 49, NULL, NULL, NULL, 0),
(63, 24, 41, 50, NULL, NULL, NULL, 0),
(64, 24, 41, 51, NULL, NULL, NULL, 0),
(65, 24, 41, 52, NULL, NULL, NULL, 0),
(66, 24, 41, 53, NULL, NULL, NULL, 0),
(67, 25, 41, 54, NULL, NULL, NULL, 0),
(68, 25, 41, 55, NULL, NULL, NULL, 0),
(69, 26, 41, 11, NULL, NULL, NULL, 0),
(70, 26, 41, 56, NULL, NULL, NULL, 0),
(71, 29, 43, 57, NULL, NULL, NULL, 0),
(72, 29, 43, 58, NULL, NULL, NULL, 0),
(73, 30, 50, 11, NULL, NULL, NULL, 0),
(74, 30, 50, 13, NULL, NULL, NULL, 0),
(75, 35, 61, 11, NULL, NULL, NULL, 0),
(76, 35, 61, 59, NULL, NULL, NULL, 0),
(77, 35, 61, 60, NULL, NULL, NULL, 0),
(78, 35, 61, 61, NULL, NULL, NULL, 0),
(79, 35, 61, 62, NULL, NULL, NULL, 0),
(80, 35, 61, 63, NULL, NULL, NULL, 0),
(81, 35, 61, 64, NULL, NULL, NULL, 0),
(82, 35, 61, 65, NULL, NULL, NULL, 0),
(83, 35, 61, 66, NULL, NULL, NULL, 0),
(84, 35, 61, 67, NULL, NULL, NULL, 0),
(85, 35, 61, 68, NULL, NULL, NULL, 0),
(86, 35, 61, 69, NULL, NULL, NULL, 0),
(87, 35, 61, 70, NULL, NULL, NULL, 0),
(88, 35, 61, 71, NULL, NULL, NULL, 0),
(89, 35, 61, 72, NULL, NULL, NULL, 0),
(90, 35, 61, 73, NULL, NULL, NULL, 0),
(91, 35, 61, 74, NULL, NULL, NULL, 0),
(92, 35, 61, 75, NULL, NULL, NULL, 0),
(93, 35, 61, 76, NULL, NULL, NULL, 0),
(94, 35, 61, 77, NULL, NULL, NULL, 0),
(95, 43, 30, 2, NULL, NULL, NULL, 0),
(96, 43, 30, 4, NULL, NULL, NULL, 0),
(97, 43, 30, 5, NULL, NULL, NULL, 0),
(98, 43, 30, 6, NULL, NULL, NULL, 0),
(99, 43, 30, 7, NULL, NULL, NULL, 0),
(100, 43, 30, 8, NULL, NULL, NULL, 0),
(101, 43, 30, 9, NULL, NULL, NULL, 0),
(102, 44, 30, 11, NULL, NULL, NULL, 0),
(103, 44, 30, 19, NULL, NULL, NULL, 0),
(104, 44, 30, 32, NULL, NULL, NULL, 0),
(105, 44, 30, 33, NULL, NULL, NULL, 0),
(106, 45, 30, 34, NULL, NULL, NULL, 0),
(107, 45, 30, 35, NULL, NULL, NULL, 0),
(108, 45, 30, 36, NULL, NULL, NULL, 0),
(109, 45, 30, 37, NULL, NULL, NULL, 0),
(110, 45, 30, 38, NULL, NULL, NULL, 0),
(111, 45, 30, 44, NULL, NULL, NULL, 0),
(112, 45, 30, 45, NULL, NULL, NULL, 0),
(113, 45, 30, 46, NULL, NULL, NULL, 0),
(114, 45, 30, 47, NULL, NULL, NULL, 0),
(115, 49, 61, 11, NULL, NULL, NULL, 0),
(116, 49, 61, 59, NULL, NULL, NULL, 0),
(117, 49, 61, 60, NULL, NULL, NULL, 0),
(118, 49, 61, 61, NULL, NULL, NULL, 0),
(119, 49, 61, 62, NULL, NULL, NULL, 0),
(120, 49, 61, 63, NULL, NULL, NULL, 0),
(121, 49, 61, 64, NULL, NULL, NULL, 0),
(122, 49, 61, 65, NULL, NULL, NULL, 0),
(123, 49, 61, 66, NULL, NULL, NULL, 0),
(124, 49, 61, 67, NULL, NULL, NULL, 0),
(125, 49, 61, 68, NULL, NULL, NULL, 0),
(126, 49, 61, 69, NULL, NULL, NULL, 0),
(127, 49, 61, 70, NULL, NULL, NULL, 0),
(128, 49, 61, 71, NULL, NULL, NULL, 0),
(129, 49, 61, 72, NULL, NULL, NULL, 0),
(130, 49, 61, 73, NULL, NULL, NULL, 0),
(131, 49, 61, 74, NULL, NULL, NULL, 0),
(132, 49, 61, 75, NULL, NULL, NULL, 0),
(133, 49, 61, 76, NULL, NULL, NULL, 0),
(134, 49, 61, 77, NULL, NULL, NULL, 0),
(135, 53, 13, 10, NULL, NULL, NULL, 0),
(136, 53, 13, 11, NULL, NULL, NULL, 0),
(137, 53, 13, 12, NULL, NULL, NULL, 0),
(138, 53, 13, 13, NULL, NULL, NULL, 0),
(139, 53, 13, 14, NULL, NULL, NULL, 0),
(140, 53, 13, 15, NULL, NULL, NULL, 0),
(141, 53, 13, 16, NULL, NULL, NULL, 0),
(142, 53, 13, 17, NULL, NULL, NULL, 0),
(143, 53, 13, 18, NULL, NULL, NULL, 0),
(144, 53, 13, 19, NULL, NULL, NULL, 0),
(145, 53, 13, 20, NULL, NULL, NULL, 0),
(146, 53, 13, 21, NULL, NULL, NULL, 0),
(147, 53, 13, 22, NULL, NULL, NULL, 0),
(148, 53, 13, 23, NULL, NULL, NULL, 0),
(149, 53, 13, 24, NULL, NULL, NULL, 0),
(150, 55, 17, 4, NULL, NULL, NULL, 0),
(151, 55, 17, 4, NULL, NULL, NULL, 0),
(152, 55, 17, 11, NULL, NULL, NULL, 0),
(153, 55, 17, 13, NULL, NULL, NULL, 0),
(154, 55, 17, 29, NULL, NULL, NULL, 0),
(155, 55, 17, 27, NULL, NULL, NULL, 0),
(156, 55, 17, 30, NULL, NULL, NULL, 0),
(157, 55, 17, 78, NULL, NULL, NULL, 0),
(158, 55, 17, 79, NULL, NULL, NULL, 0),
(159, 57, 41, 80, NULL, NULL, NULL, 0),
(160, 57, 41, 81, NULL, NULL, NULL, 0),
(161, 57, 41, 82, NULL, NULL, NULL, 0),
(162, 58, 41, 44, NULL, NULL, NULL, 0),
(163, 58, 41, 83, NULL, NULL, NULL, 0),
(164, 58, 41, 84, NULL, NULL, NULL, 0),
(165, 59, 41, 83, NULL, NULL, NULL, 0),
(166, 59, 41, 84, NULL, NULL, NULL, 0),
(167, 59, 41, 85, NULL, NULL, NULL, 0),
(168, 60, 41, 11, NULL, NULL, NULL, 0),
(169, 60, 41, 75, NULL, NULL, NULL, 0),
(170, 61, 41, 11, NULL, NULL, NULL, 0),
(171, 61, 41, 33, NULL, NULL, NULL, 0),
(172, 63, 43, 57, NULL, NULL, NULL, 0),
(173, 63, 43, 58, NULL, NULL, NULL, 0),
(174, 64, 50, 11, NULL, NULL, NULL, 0),
(175, 64, 50, 13, NULL, NULL, NULL, 0),
(176, 65, 56, 44, NULL, NULL, NULL, 0),
(177, 65, 56, 83, NULL, NULL, NULL, 0),
(178, 65, 56, 84, NULL, NULL, NULL, 0),
(179, 1, 60, NULL, NULL, NULL, NULL, 0),
(180, 3, 7, NULL, NULL, NULL, NULL, 0),
(181, 8, 17, NULL, NULL, NULL, NULL, 0),
(182, 9, 30, NULL, NULL, NULL, NULL, 0),
(183, 10, 30, NULL, NULL, NULL, NULL, 0),
(184, 14, 30, NULL, NULL, NULL, NULL, 0),
(185, 16, 32, NULL, NULL, NULL, NULL, 0),
(186, 15, 32, NULL, NULL, NULL, NULL, 0),
(187, 17, 32, NULL, NULL, NULL, NULL, 0),
(188, 18, 32, NULL, NULL, NULL, NULL, 0),
(189, 21, 41, NULL, NULL, NULL, NULL, 0),
(190, 22, 41, NULL, NULL, NULL, NULL, 0),
(191, 27, 41, NULL, NULL, NULL, NULL, 0),
(192, 28, 43, NULL, NULL, NULL, NULL, 0),
(193, 31, 50, NULL, NULL, NULL, NULL, 0),
(194, 32, 50, NULL, NULL, NULL, NULL, 0),
(195, 33, 54, NULL, NULL, NULL, NULL, 0),
(196, 34, 54, NULL, NULL, NULL, NULL, 0),
(197, 35, 61, NULL, NULL, NULL, NULL, 0),
(198, 36, 54, NULL, NULL, NULL, NULL, 0),
(199, 54, 17, NULL, NULL, NULL, NULL, 0),
(200, 56, 17, NULL, NULL, NULL, NULL, 0),
(201, 37, 13, NULL, NULL, NULL, NULL, 0),
(202, 38, 28, NULL, NULL, NULL, NULL, 0),
(203, 39, 28, NULL, NULL, NULL, NULL, 0),
(204, 40, 28, NULL, NULL, NULL, NULL, 0),
(205, 39, 28, NULL, NULL, NULL, NULL, 0),
(206, 41, 7, NULL, NULL, NULL, NULL, 0),
(207, 42, 7, NULL, NULL, NULL, NULL, 0),
(208, 43, 30, NULL, NULL, NULL, NULL, 0),
(209, 46, 30, NULL, NULL, NULL, NULL, 0),
(210, 47, 41, NULL, NULL, NULL, NULL, 0),
(211, 48, 41, NULL, NULL, NULL, NULL, 0),
(212, 50, 7, NULL, NULL, NULL, NULL, 0),
(213, 51, 61, NULL, NULL, NULL, NULL, 0),
(214, 52, 13, NULL, NULL, NULL, NULL, 0),
(215, 61, 41, NULL, NULL, NULL, NULL, 0),
(216, 62, 43, NULL, NULL, NULL, NULL, 0),
(217, 66, 17, NULL, NULL, NULL, NULL, 0),
(218, 67, 17, NULL, NULL, NULL, NULL, 0),
(219, 68, 17, NULL, NULL, NULL, NULL, 0),
(220, 69, 22, NULL, NULL, NULL, NULL, 0),
(221, 71, 41, NULL, NULL, NULL, NULL, 0),
(222, 72, 41, NULL, NULL, NULL, NULL, 0),
(223, 73, 56, NULL, NULL, NULL, NULL, 0),
(224, 74, 56, NULL, NULL, NULL, NULL, 0),
(225, 75, 56, NULL, NULL, NULL, NULL, 0),
(226, 76, 16, NULL, NULL, NULL, NULL, 0),
(227, 77, 28, NULL, NULL, NULL, NULL, 0),
(228, 78, 49, NULL, NULL, NULL, NULL, 0),
(229, 79, 49, NULL, NULL, NULL, NULL, 0),
(230, 80, 31, NULL, NULL, NULL, NULL, 0),
(231, 81, 31, NULL, NULL, NULL, NULL, 0),
(232, 82, 37, NULL, NULL, NULL, NULL, 0),
(233, 83, 32, NULL, NULL, NULL, NULL, 0),
(234, 84, 15, NULL, NULL, NULL, NULL, 0),
(235, 85, 43, NULL, NULL, NULL, NULL, 0),
(236, 86, 43, NULL, NULL, NULL, NULL, 0),
(237, 87, 43, NULL, NULL, NULL, NULL, 0),
(238, 88, 14, NULL, NULL, NULL, NULL, 0),
(239, 89, 14, NULL, NULL, NULL, NULL, 0),
(240, 90, 14, NULL, NULL, NULL, NULL, 0),
(241, 91, 14, NULL, NULL, NULL, NULL, 0),
(242, 92, 41, NULL, NULL, NULL, NULL, 0),
(243, 93, 2, NULL, NULL, NULL, NULL, 0),
(244, 94, 2, NULL, NULL, NULL, NULL, 0),
(245, 95, 2, NULL, NULL, NULL, NULL, 0),
(246, 96, 2, NULL, NULL, NULL, NULL, 0),
(247, 97, 2, NULL, NULL, NULL, NULL, 0),
(248, 98, 15, NULL, NULL, NULL, NULL, 0),
(249, 99, 15, NULL, NULL, NULL, NULL, 0),
(250, 100, 15, NULL, NULL, NULL, NULL, 0);

-- --------------------------------------------------------

--
-- 資料表結構 `rent_thickness`
--

CREATE TABLE `rent_thickness` (
  `id` int(10) UNSIGNED NOT NULL,
  `name` varchar(255) NOT NULL
) ENGINE=InnoDB DEFAULT CHARSET=utf8mb4 COLLATE=utf8mb4_general_ci;

-- --------------------------------------------------------

--
-- 資料表結構 `reviews`
--

CREATE TABLE `reviews` (
  `id` int(10) UNSIGNED NOT NULL,
  `user_id` int(10) UNSIGNED NOT NULL,
  `product_id` int(10) UNSIGNED NOT NULL,
  `order_id` int(10) UNSIGNED NOT NULL,
  `rating` tinyint(4) NOT NULL,
  `comment` text DEFAULT NULL,
  `createdAt` datetime DEFAULT current_timestamp()
) ENGINE=InnoDB DEFAULT CHARSET=utf8mb4 COLLATE=utf8mb4_unicode_ci;

--
-- 傾印資料表的資料 `reviews`
--

INSERT INTO `reviews` (`id`, `user_id`, `product_id`, `order_id`, `rating`, `comment`, `createdAt`) VALUES
(1, 1, 1, 1, 5, '這件防寒衣超棒！很保暖也很舒適！', '2025-02-14 15:29:20');

-- --------------------------------------------------------

--
-- 資料表結構 `size`
--

CREATE TABLE `size` (
  `id` int(10) UNSIGNED NOT NULL,
  `name` varchar(50) NOT NULL
) ENGINE=InnoDB DEFAULT CHARSET=utf8mb4 COLLATE=utf8mb4_unicode_ci;

--
-- 傾印資料表的資料 `size`
--

INSERT INTO `size` (`id`, `name`) VALUES
(1, 'S'),
(2, 'M'),
(3, 'L'),
(4, 'XL');

-- --------------------------------------------------------

--
-- 資料表結構 `users`
--

CREATE TABLE `users` (
  `id` int(10) UNSIGNED NOT NULL,
  `name` varchar(50) NOT NULL,
  `phone` varchar(20) NOT NULL,
  `email` varchar(100) NOT NULL,
  `account` varchar(50) NOT NULL,
  `password` varchar(250) NOT NULL,
  `birthday` date NOT NULL,
  `address` varchar(255) DEFAULT NULL,
  `created_at` varchar(50) NOT NULL,
  `updated_at` varchar(50) NOT NULL,
  `level_id` int(11) NOT NULL,
  `emergency_contact` int(11) DEFAULT NULL,
  `emergency_phone` int(11) DEFAULT NULL,
  `is_certify` int(11) NOT NULL,
  `is_deleted` int(11) NOT NULL,
  `manager` int(11) NOT NULL
) ENGINE=InnoDB DEFAULT CHARSET=utf8mb4 COLLATE=utf8mb4_unicode_ci;

--
-- 傾印資料表的資料 `users`
--

INSERT INTO `users` (`id`, `name`, `phone`, `email`, `account`, `password`, `birthday`, `address`, `created_at`, `updated_at`, `level_id`, `emergency_contact`, `emergency_phone`, `is_certify`, `is_deleted`, `manager`) VALUES
(1, '王小明', '0912322658', 'ming0908@test.com', 'ming0908', 'Ming0908', '2000-09-08', '桃園市中壢區新生路一段421號', '2024-11-22 11:24:32', '2024-12-03 14:59:35', 2, NULL, NULL, 0, 1, 0),
(2, '李佳穎', '0928374629', 'jiaying0905@test.com', 'jia0905', 'Jia0905', '1995-05-20', '台北市大安區和平東路二段35號', '2024-11-22 11:24:32', '', 0, NULL, NULL, 1, 0, 0),
(3, '張志豪', '0987123456', 'zhihao0803@test.com', 'zhi0803', 'Zhi0803', '1987-03-12', '高雄市左營區自由二路102號', '2024-11-22 11:24:32', '2024-12-03 11:19:36', 1, NULL, NULL, 0, 0, 0),
(4, '陳美玲', '0958674213', 'meiling0615@test.com', 'mei0615', 'Mei0615', '1979-06-15', '台中市西屯區福星路350巷45號', '2024-11-22 11:24:32', '', 1, NULL, NULL, 1, 0, 0),
(5, '劉建國', '0937215498', 'jianguo1122@test.com', 'guo1122', 'Guo1122', '1965-11-22', '新北市三重區重新路五段80號', '2024-11-22 11:24:32', '', 0, NULL, NULL, 1, 0, 0),
(6, '黃婷婷', '0968357426', 'tingting0328@test.com', 'ting0328', 'Ting0328', '1999-03-28', '桃園市平鎮區民族路二段19巷12號', '2024-11-22 11:24:32', '', 0, NULL, NULL, 0, 0, 0),
(7, '林俊傑', '0912546378', 'jj0505@test.com', 'jj0505', 'Jj0505', '1988-05-05', '台南市安平區健康路三段9號', '2024-11-22 11:24:32', '2024-11-29 09:22:12', 1, NULL, NULL, 1, 0, 0),
(8, '許文華', '0937654821', 'wenhua1010@test.com', 'wen1010', 'Wen1010', '1975-10-10', '新竹市東區光復路二段188號', '2024-11-22 11:24:32', '', 0, NULL, NULL, 1, 0, 0),
(9, '郭曉峰', '0972345687', 'xiaofeng0920@test.com', 'feng0920', 'Feng0920', '1990-09-20', '嘉義市東區民生南路67巷10號', '2024-11-22 11:24:32', '', 0, NULL, NULL, 0, 0, 0),
(10, '吳佳欣', '0953764820', 'jiaxin0722@test.com', 'xin0722', 'Xin0722', '1982-07-22', '花蓮縣花蓮市中山路5號', '2024-11-22 11:24:32', '', 0, NULL, NULL, 1, 0, 0),
(11, '李志明', '0912789456', 'zhiming0408@test.com', 'ming0408', 'Ming0408', '1970-04-08', '台北市信義區松仁路90號', '2024-11-22 11:24:32', '', 0, NULL, NULL, 1, 0, 0),
(12, '陳安妮', '0964387912', 'annie0223@test.com', 'annie0223', 'Annie0223', '2002-02-23', '台中市北屯區文心路五段320號', '2024-11-22 11:24:32', '', 0, NULL, NULL, 0, 0, 0),
(13, '張冠宇', '0987546312', 'guanyu0808@test.com', 'guan0808', 'Guan0808', '1993-08-08', '台南市東區崇德路99號', '2024-11-22 11:24:32', '', 0, NULL, NULL, 1, 0, 0),
(14, '黃嘉偉', '0976234859', 'jiawei1215@test.com', 'wei1215', 'Wei1215', '1985-12-15', '桃園市龜山區文化一路128號', '2024-11-22 11:24:32', '', 0, NULL, NULL, 0, 0, 0),
(15, '林書豪', '0951234786', 'jeremy0507@test.com', 'lin0507', 'Lin0507', '1996-05-07', '高雄市三民區建國路7號', '2024-11-22 11:24:32', '2024-11-29 09:22:30', 2, NULL, NULL, 1, 0, 0),
(16, '王雅琪', '0912765439', 'yaqi0310@test.com', 'yaqi0310', 'Yaqi0310', '1998-03-10', '台北市內湖區康寧路三段45巷10號', '2024-11-22 11:24:32', '', 0, NULL, NULL, 0, 0, 0),
(17, '陳浩宇', '0987213546', 'haoyu0728@test.com', 'hao0728', 'Hao0728', '1980-07-28', '新北市板橋區文化路二段68號', '2024-11-22 11:24:32', '', 0, NULL, NULL, 1, 0, 0),
(18, '李美華', '0938465129', 'meihua1201@test.com', 'mei1201', 'Mei1201', '1975-12-01', '台中市南屯區黎明路一段333號', '2024-11-22 11:24:32', '', 0, NULL, NULL, 0, 0, 0),
(19, '張信哲', '0976354820', 'xinzhe0415@test.com', 'xin0415', 'Xin0415', '1990-04-15', '台南市永康區中正北路25號', '2024-11-22 11:24:32', '', 0, NULL, NULL, 1, 0, 0),
(20, '劉心怡', '0965743821', 'xinyi0303@test.com', 'xin0303', 'Xin0303', '2001-03-03', '桃園市大溪區慈湖路200號', '2024-11-22 11:24:32', '', 0, NULL, NULL, 0, 0, 0),
(21, '許志文', '0954876239', 'zhiwen1020@test.com', 'wen1020', 'Wen1020', '1969-10-20', '新竹縣竹北市縣政二路50巷20號', '2024-11-22 11:24:32', '', 0, NULL, NULL, 0, 0, 0),
(22, '郭文婷', '0987415263', 'wenting0709@test.com', 'wen0709', 'Wen0709', '1988-07-09', '嘉義縣民雄鄉文化路8號', '2024-11-22 11:24:32', '', 0, NULL, NULL, 1, 0, 0),
(23, '吳佩君', '0928451736', 'peijun0520@test.com', 'pei0520', 'Pei0520', '1995-05-20', '宜蘭縣羅東鎮中山路100號', '2024-11-22 11:24:32', '', 0, NULL, NULL, 0, 0, 0),
(24, '黃建華', '0913487562', 'jianhua1015@test.com', 'hua1015', 'Hua1015', '1972-10-15', '高雄市鳳山區三民路8號', '2024-11-22 11:24:32', '', 0, NULL, NULL, 1, 0, 0),
(25, '林雨柔', '0937825461', 'yurou0801@test.com', 'yu0801', 'Yu0801', '2000-08-01', '台北市士林區天母東路60巷15號', '2024-11-22 11:24:32', '', 0, NULL, NULL, 0, 0, 0),
(26, '王浩翔', '0951324786', 'haoxiang0612@test.com', 'xiang0612', 'Xiang0612', '1985-06-12', '新北市汐止區大同路一段200號', '2024-11-22 11:24:32', '', 0, NULL, NULL, 1, 0, 0),
(27, '陳嘉豪', '0978435621', 'jiahao0208@test.com', 'hao0208', 'Hao0208', '1992-02-08', '台中市西區台灣大道二段70巷30號', '2024-11-22 11:24:32', '', 0, NULL, NULL, 0, 0, 0),
(28, '張子涵', '0912463578', 'zihang0915@test.com', 'han0915', 'Han0915', '1997-09-15', '高雄市鼓山區博愛一路18號', '2024-11-22 11:24:32', '', 0, NULL, NULL, 1, 0, 0),
(29, '李沛瑜', '0938745629', 'peiyu0525@test.com', 'yu0525', 'Yu0525', '1980-05-25', '桃園市八德區福國路66號', '2024-11-22 11:24:32', '', 0, NULL, NULL, 0, 0, 0),
(30, '劉冠廷', '0987214653', 'guanting0812@test.com', 'guan0812', 'Guan0812', '1991-08-12', '新竹市香山區南大路128巷6號', '2024-11-22 11:24:32', '', 0, NULL, NULL, 1, 0, 0),
(31, '許佳玲', '0973645821', 'jialing0105@test.com', 'ling0105', 'Ling0105', '1983-01-05', '台南市安南區海佃路三段9號', '2024-11-22 11:24:32', '', 0, NULL, NULL, 1, 0, 0),
(32, '劉雲', '0954762381', 'shuwei0620@test.com', 'wei0620', 'Wei0620', '1978-06-20', '花蓮縣吉安鄉建國路7巷2號', '2024-11-22 11:24:32', '', 0, NULL, NULL, 1, 0, 0),
(33, '黃志偉', '0917835462', 'zhiwei0910@test.com', 'wei0910', 'Wei0910', '1976-09-10', '嘉義市西區文化路88號', '2024-11-22 11:24:32', '', 0, NULL, NULL, 0, 0, 0),
(34, '林怡君', '0934825761', 'yijun0325@test.com', 'yi0325', 'Yi0325', '2003-03-25', '台北市松山區南京東路五段77號', '2024-11-22 11:24:32', '', 0, NULL, NULL, 1, 0, 0),
(35, '吳柏宇', '0975623148', 'baiyu0417@test.com', 'bai0417', 'Bai0417', '1994-04-17', '台南市中西區海安路一段50號', '2024-11-22 11:24:32', '', 0, NULL, NULL, 0, 0, 0),
(36, '陳俊安', '0964823756', 'junan1212@test.com', 'an1212', 'An1212', '1989-12-12', '台中市東區建國路一段30號', '2024-11-22 11:24:32', '', 0, NULL, NULL, 0, 0, 0),
(37, '李若涵', '0912786543', 'ruohan0515@test.com', 'ruo0515', 'Ruo0515', '2002-05-15', '桃園市蘆竹區南崁路10號', '2024-11-22 11:24:32', '', 0, NULL, NULL, 1, 0, 0),
(38, '張柏翰', '0984327561', 'bohan0909@test.com', 'han0909', 'Han0909', '1971-09-09', '新北市土城區中央路四段90巷5號', '2024-11-22 11:24:32', '', 0, NULL, NULL, 0, 0, 0),
(39, '劉慧敏', '0918456372', 'huimin0925@test.com', 'hui0925', 'Hui0925', '1992-09-25', '新北市樹林區樹德路77巷8號', '2024-11-22 11:24:32', '', 0, NULL, NULL, 1, 0, 0),
(40, '王小明', '0912322658', 'ming0908@test.com', 'ming0908', 'Ming0908', '2000-09-08', '桃園市中壢區新生路一段421號', '2024-11-22 11:33:17', '', 0, NULL, NULL, 0, 0, 0),
(41, '黃子萱', '0928471635', 'zixuan0315@test.com', 'xuan0315', 'Xuan0315', '1987-03-15', '嘉義縣朴子市中正北路68號', '2024-11-22 11:33:17', '', 0, NULL, NULL, 1, 0, 0),
(42, '林建宏', '0912563749', 'jianhong1018@test.com', 'hong1018', 'Hong1018', '1980-10-18', '台中市北區健行路2巷22號', '2024-11-22 11:33:17', '', 0, NULL, NULL, 0, 0, 0),
(43, '陳昱安', '0972345867', 'yuan0512@test.com', 'yu0512', 'Yu0512', '1995-05-12', '台北市大同區民生西路40號', '2024-11-22 11:33:17', '', 0, NULL, NULL, 0, 0, 0),
(44, '吳雅雯', '0957834621', 'yawen0820@test.com', 'ya0820', 'Ya0820', '1982-08-20', '花蓮市國聯五路9號', '2024-11-22 11:33:17', '', 0, NULL, NULL, 1, 0, 0),
(45, '郭嘉文', '0987215643', 'jiawen0610@test.com', 'wen0610', 'Wen0610', '1973-06-10', '新竹縣湖口鄉中山路123號', '2024-11-22 11:33:17', '', 0, NULL, NULL, 0, 0, 0),
(46, '黃家豪', '0912836457', 'jiahao1212@test.com', 'jia1212', 'Jia1212', '2000-12-12', '新北市新莊區思源路88巷20號', '2024-11-22 11:33:17', '', 0, NULL, NULL, 0, 0, 0),
(47, '張佩珊', '0964827351', 'peishan0723@test.com', 'pei0723', 'Pei0723', '1986-07-23', '台南市中區忠義路一段15號', '2024-11-22 11:33:17', '', 0, NULL, NULL, 0, 0, 0),
(48, '王宇軒', '0951726483', 'yuxuan0415@test.com', 'yu0415', 'Yu0415', '1998-04-15', '桃園市觀音區仁愛路12號', '2024-11-22 11:33:17', '', 0, NULL, NULL, 0, 0, 0),
(49, '李志華', '0976345821', 'zhihua1010@test.com', 'hua1010', 'Hua1010', '1977-10-10', '高雄市橋頭區成功路25巷3號', '2024-11-22 11:33:17', '', 0, NULL, NULL, 1, 1, 0),
(50, '陳曉君', '0934827954', 'xiaojun0718@test.com', 'xiao0718', 'Xiao0718', '1984-07-18', '新竹縣竹東鎮竹榮路33號', '2024-11-22 11:34:46', '', 0, NULL, NULL, 0, 1, 0),
(51, 'Chu', '', 'chu@example.com', 'chuchu', '0278a02a9e6ac9adaa3ddbd426208958', '2001-02-06', NULL, '2024-11-29 13:29:29', '', 0, NULL, NULL, 0, 0, 1),
(52, '姚馨雯', '', 'news@test.com', 'news', '81dc9bdb52d04dc20036dbd8313ed055', '2000-11-01', NULL, '2024-11-29 15:05:02', '', 0, NULL, NULL, 0, 0, 0),
(53, '妙蛙種子', '', 'frog@test.com', 'frog', '938c2cc0dcc05f2b68c4287040cfcf71', '2024-12-11', NULL, '2024-12-03 11:22:43', '', 0, NULL, NULL, 0, 0, 0);

--
-- 已傾印資料表的索引
--

--
-- 資料表索引 `activity`
--
ALTER TABLE `activity`
  ADD PRIMARY KEY (`id`);

--
-- 資料表索引 `activity_city`
--
ALTER TABLE `activity_city`
  ADD PRIMARY KEY (`id`);

--
-- 資料表索引 `activity_country`
--
ALTER TABLE `activity_country`
  ADD PRIMARY KEY (`id`);

--
-- 資料表索引 `activity_image`
--
ALTER TABLE `activity_image`
  ADD PRIMARY KEY (`id`);

--
-- 資料表索引 `activity_project`
--
ALTER TABLE `activity_project`
  ADD PRIMARY KEY (`id`);

--
-- 資料表索引 `brand`
--
ALTER TABLE `brand`
  ADD PRIMARY KEY (`id`);

--
-- 資料表索引 `carts`
--
ALTER TABLE `carts`
  ADD PRIMARY KEY (`id`),
  ADD KEY `user_id` (`user_id`);

--
-- 資料表索引 `cart_activity_items`
--
ALTER TABLE `cart_activity_items`
  ADD PRIMARY KEY (`id`),
  ADD KEY `cart_id` (`cart_id`);

--
-- 資料表索引 `cart_items`
--
ALTER TABLE `cart_items`
  ADD PRIMARY KEY (`id`),
  ADD KEY `cart_id` (`cart_id`),
  ADD KEY `varient_id` (`variant_id`),
  ADD KEY `fk_cart_items_bundle` (`bundle_id`);

--
-- 資料表索引 `cart_rental_items`
--
ALTER TABLE `cart_rental_items`
  ADD PRIMARY KEY (`id`),
  ADD KEY `cart_id` (`cart_id`);

--
-- 資料表索引 `category_big`
--
ALTER TABLE `category_big`
  ADD PRIMARY KEY (`id`);

--
-- 資料表索引 `category_small`
--
ALTER TABLE `category_small`
  ADD PRIMARY KEY (`id`),
  ADD KEY `category_big_id` (`category_big_id`);

--
-- 資料表索引 `color`
--
ALTER TABLE `color`
  ADD PRIMARY KEY (`id`);

--
-- 資料表索引 `coupon`
--
ALTER TABLE `coupon`
  ADD PRIMARY KEY (`id`),
  ADD UNIQUE KEY `code` (`code`);

--
-- 資料表索引 `coupon_targets`
--
ALTER TABLE `coupon_targets`
  ADD PRIMARY KEY (`id`),
  ADD KEY `fk_coupon_targets_coupon` (`coupon_id`);

--
-- 資料表索引 `coupon_type`
--
ALTER TABLE `coupon_type`
  ADD PRIMARY KEY (`id`),
  ADD KEY `fk_coupon_type_coupon` (`coupon_id`);

--
-- 資料表索引 `coupon_usage`
--
ALTER TABLE `coupon_usage`
  ADD PRIMARY KEY (`id`),
  ADD KEY `fk_coupon_usage_coupon` (`coupon_id`);

--
-- 資料表索引 `favorites`
--
ALTER TABLE `favorites`
  ADD PRIMARY KEY (`id`);

--
-- 資料表索引 `groups`
--
ALTER TABLE `groups`
  ADD PRIMARY KEY (`id`);

--
-- 資料表索引 `groups_image`
--
ALTER TABLE `groups_image`
  ADD PRIMARY KEY (`id`);

--
-- 資料表索引 `groups_​​participants`
--
ALTER TABLE `groups_​​participants`
  ADD PRIMARY KEY (`id`);

--
-- 資料表索引 `orders`
--
ALTER TABLE `orders`
  ADD PRIMARY KEY (`id`),
  ADD KEY `user_id` (`user_id`);

--
-- 資料表索引 `order_activity_items`
--
ALTER TABLE `order_activity_items`
  ADD PRIMARY KEY (`id`),
  ADD KEY `order_id` (`order_id`);

--
-- 資料表索引 `order_activity_travelers`
--
ALTER TABLE `order_activity_travelers`
  ADD PRIMARY KEY (`id`),
  ADD KEY `order_activity_id` (`order_activity_id`);

--
-- 資料表索引 `order_items`
--
ALTER TABLE `order_items`
  ADD PRIMARY KEY (`id`),
  ADD KEY `order_id` (`order_id`),
  ADD KEY `varient_id` (`variant_id`),
  ADD KEY `fk_order_items_bundle` (`bundle_id`);

--
-- 資料表索引 `order_rental_items`
--
ALTER TABLE `order_rental_items`
  ADD PRIMARY KEY (`id`),
  ADD KEY `order_id` (`order_id`);

--
-- 資料表索引 `order_shipping_info`
--
ALTER TABLE `order_shipping_info`
  ADD PRIMARY KEY (`id`),
  ADD KEY `order_id` (`order_id`);

--
-- 資料表索引 `product`
--
ALTER TABLE `product`
  ADD PRIMARY KEY (`id`),
  ADD KEY `brand_id` (`brand_id`),
  ADD KEY `category_id` (`category_id`);

--
-- 資料表索引 `product_accessories`
--
ALTER TABLE `product_accessories`
  ADD PRIMARY KEY (`id`),
  ADD KEY `product_id` (`product_id`),
  ADD KEY `accessory_product_id` (`accessory_product_id`);

--
-- 資料表索引 `product_bundle`
--
ALTER TABLE `product_bundle`
  ADD PRIMARY KEY (`id`);

--
-- 資料表索引 `product_bundle_items`
--
ALTER TABLE `product_bundle_items`
  ADD PRIMARY KEY (`id`),
  ADD KEY `bundle_id` (`bundle_id`),
  ADD KEY `product_id` (`product_id`);

--
-- 資料表索引 `product_details`
--
ALTER TABLE `product_details`
  ADD PRIMARY KEY (`id`),
  ADD KEY `product_id` (`product_id`);

--
-- 資料表索引 `product_images`
--
ALTER TABLE `product_images`
  ADD PRIMARY KEY (`id`),
  ADD KEY `product_id` (`product_id`),
  ADD KEY `varient_id` (`variant_id`);

--
-- 資料表索引 `product_variant`
--
ALTER TABLE `product_variant`
  ADD PRIMARY KEY (`id`),
  ADD KEY `product_id` (`product_id`),
  ADD KEY `color_id` (`color_id`),
  ADD KEY `size_id` (`size_id`);

--
-- 資料表索引 `reviews`
--
ALTER TABLE `reviews`
  ADD PRIMARY KEY (`id`),
  ADD UNIQUE KEY `unique_review` (`user_id`,`product_id`,`order_id`),
  ADD KEY `product_id` (`product_id`),
  ADD KEY `order_id` (`order_id`);

--
-- 資料表索引 `size`
--
ALTER TABLE `size`
  ADD PRIMARY KEY (`id`);

--
-- 資料表索引 `users`
--
ALTER TABLE `users`
  ADD PRIMARY KEY (`id`);

--
-- 在傾印的資料表使用自動遞增(AUTO_INCREMENT)
--

--
-- 使用資料表自動遞增(AUTO_INCREMENT) `activity`
--
ALTER TABLE `activity`
  MODIFY `id` int(10) UNSIGNED NOT NULL AUTO_INCREMENT, AUTO_INCREMENT=44;

--
-- 使用資料表自動遞增(AUTO_INCREMENT) `activity_city`
--
ALTER TABLE `activity_city`
  MODIFY `id` int(10) UNSIGNED NOT NULL AUTO_INCREMENT, AUTO_INCREMENT=18;

--
-- 使用資料表自動遞增(AUTO_INCREMENT) `activity_country`
--
ALTER TABLE `activity_country`
  MODIFY `id` int(10) UNSIGNED NOT NULL AUTO_INCREMENT, AUTO_INCREMENT=6;

--
-- 使用資料表自動遞增(AUTO_INCREMENT) `activity_image`
--
ALTER TABLE `activity_image`
  MODIFY `id` int(10) UNSIGNED NOT NULL AUTO_INCREMENT, AUTO_INCREMENT=58;

--
-- 使用資料表自動遞增(AUTO_INCREMENT) `activity_project`
--
ALTER TABLE `activity_project`
  MODIFY `id` int(11) NOT NULL AUTO_INCREMENT, AUTO_INCREMENT=12;

--
-- 使用資料表自動遞增(AUTO_INCREMENT) `brand`
--
ALTER TABLE `brand`
  MODIFY `id` int(10) UNSIGNED NOT NULL AUTO_INCREMENT, AUTO_INCREMENT=4;

--
-- 使用資料表自動遞增(AUTO_INCREMENT) `carts`
--
ALTER TABLE `carts`
  MODIFY `id` int(10) UNSIGNED NOT NULL AUTO_INCREMENT, AUTO_INCREMENT=14;

--
-- 使用資料表自動遞增(AUTO_INCREMENT) `cart_activity_items`
--
ALTER TABLE `cart_activity_items`
  MODIFY `id` int(10) UNSIGNED NOT NULL AUTO_INCREMENT, AUTO_INCREMENT=17;

--
-- 使用資料表自動遞增(AUTO_INCREMENT) `cart_items`
--
ALTER TABLE `cart_items`
  MODIFY `id` int(10) UNSIGNED NOT NULL AUTO_INCREMENT, AUTO_INCREMENT=36;

--
-- 使用資料表自動遞增(AUTO_INCREMENT) `cart_rental_items`
--
ALTER TABLE `cart_rental_items`
  MODIFY `id` int(10) UNSIGNED NOT NULL AUTO_INCREMENT, AUTO_INCREMENT=3;

--
-- 使用資料表自動遞增(AUTO_INCREMENT) `category_big`
--
ALTER TABLE `category_big`
  MODIFY `id` int(10) UNSIGNED NOT NULL AUTO_INCREMENT, AUTO_INCREMENT=3;

--
-- 使用資料表自動遞增(AUTO_INCREMENT) `category_small`
--
ALTER TABLE `category_small`
  MODIFY `id` int(10) UNSIGNED NOT NULL AUTO_INCREMENT, AUTO_INCREMENT=5;

--
-- 使用資料表自動遞增(AUTO_INCREMENT) `color`
--
ALTER TABLE `color`
  MODIFY `id` int(10) UNSIGNED NOT NULL AUTO_INCREMENT, AUTO_INCREMENT=4;

--
-- 使用資料表自動遞增(AUTO_INCREMENT) `coupon`
--
ALTER TABLE `coupon`
  MODIFY `id` int(11) NOT NULL AUTO_INCREMENT COMMENT '優惠券唯一識別碼', AUTO_INCREMENT=51;

--
-- 使用資料表自動遞增(AUTO_INCREMENT) `coupon_targets`
--
ALTER TABLE `coupon_targets`
  MODIFY `id` int(11) NOT NULL AUTO_INCREMENT COMMENT '唯一識別碼', AUTO_INCREMENT=39;

--
-- 使用資料表自動遞增(AUTO_INCREMENT) `coupon_type`
--
ALTER TABLE `coupon_type`
  MODIFY `id` int(11) NOT NULL AUTO_INCREMENT COMMENT '唯一識別碼', AUTO_INCREMENT=51;

--
-- 使用資料表自動遞增(AUTO_INCREMENT) `coupon_usage`
--
ALTER TABLE `coupon_usage`
  MODIFY `id` int(11) NOT NULL AUTO_INCREMENT COMMENT '唯一識別碼', AUTO_INCREMENT=355;

--
-- 使用資料表自動遞增(AUTO_INCREMENT) `favorites`
--
ALTER TABLE `favorites`
  MODIFY `id` int(10) UNSIGNED NOT NULL AUTO_INCREMENT, AUTO_INCREMENT=82;

--
-- 使用資料表自動遞增(AUTO_INCREMENT) `groups`
--
ALTER TABLE `groups`
  MODIFY `id` int(11) NOT NULL AUTO_INCREMENT, AUTO_INCREMENT=7;

--
-- 使用資料表自動遞增(AUTO_INCREMENT) `groups_image`
--
ALTER TABLE `groups_image`
  MODIFY `id` int(11) NOT NULL AUTO_INCREMENT, AUTO_INCREMENT=4;

--
-- 使用資料表自動遞增(AUTO_INCREMENT) `groups_​​participants`
--
ALTER TABLE `groups_​​participants`
  MODIFY `id` int(11) NOT NULL AUTO_INCREMENT;

--
-- 使用資料表自動遞增(AUTO_INCREMENT) `orders`
--
ALTER TABLE `orders`
  MODIFY `id` int(10) UNSIGNED NOT NULL AUTO_INCREMENT, AUTO_INCREMENT=4;

--
-- 使用資料表自動遞增(AUTO_INCREMENT) `order_activity_items`
--
ALTER TABLE `order_activity_items`
  MODIFY `id` int(10) UNSIGNED NOT NULL AUTO_INCREMENT;

--
-- 使用資料表自動遞增(AUTO_INCREMENT) `order_activity_travelers`
--
ALTER TABLE `order_activity_travelers`
  MODIFY `id` int(10) UNSIGNED NOT NULL AUTO_INCREMENT;

--
-- 使用資料表自動遞增(AUTO_INCREMENT) `order_items`
--
ALTER TABLE `order_items`
  MODIFY `id` int(10) UNSIGNED NOT NULL AUTO_INCREMENT, AUTO_INCREMENT=5;

--
-- 使用資料表自動遞增(AUTO_INCREMENT) `order_rental_items`
--
ALTER TABLE `order_rental_items`
  MODIFY `id` int(10) UNSIGNED NOT NULL AUTO_INCREMENT, AUTO_INCREMENT=2;

--
-- 使用資料表自動遞增(AUTO_INCREMENT) `order_shipping_info`
--
ALTER TABLE `order_shipping_info`
  MODIFY `id` int(10) UNSIGNED NOT NULL AUTO_INCREMENT;

--
-- 使用資料表自動遞增(AUTO_INCREMENT) `product`
--
ALTER TABLE `product`
  MODIFY `id` int(10) UNSIGNED NOT NULL AUTO_INCREMENT, AUTO_INCREMENT=4;

--
-- 使用資料表自動遞增(AUTO_INCREMENT) `product_accessories`
--
ALTER TABLE `product_accessories`
  MODIFY `id` int(10) UNSIGNED NOT NULL AUTO_INCREMENT;

--
-- 使用資料表自動遞增(AUTO_INCREMENT) `product_bundle`
--
ALTER TABLE `product_bundle`
  MODIFY `id` int(10) UNSIGNED NOT NULL AUTO_INCREMENT;

--
-- 使用資料表自動遞增(AUTO_INCREMENT) `product_bundle_items`
--
ALTER TABLE `product_bundle_items`
  MODIFY `id` int(10) UNSIGNED NOT NULL AUTO_INCREMENT;

--
-- 使用資料表自動遞增(AUTO_INCREMENT) `product_details`
--
ALTER TABLE `product_details`
  MODIFY `id` int(10) UNSIGNED NOT NULL AUTO_INCREMENT;

--
-- 使用資料表自動遞增(AUTO_INCREMENT) `product_images`
--
ALTER TABLE `product_images`
  MODIFY `id` int(10) UNSIGNED NOT NULL AUTO_INCREMENT, AUTO_INCREMENT=3;

--
-- 使用資料表自動遞增(AUTO_INCREMENT) `product_variant`
--
ALTER TABLE `product_variant`
  MODIFY `id` int(10) UNSIGNED NOT NULL AUTO_INCREMENT, AUTO_INCREMENT=5;

--
-- 使用資料表自動遞增(AUTO_INCREMENT) `reviews`
--
ALTER TABLE `reviews`
  MODIFY `id` int(10) UNSIGNED NOT NULL AUTO_INCREMENT, AUTO_INCREMENT=2;

--
-- 使用資料表自動遞增(AUTO_INCREMENT) `size`
--
ALTER TABLE `size`
  MODIFY `id` int(10) UNSIGNED NOT NULL AUTO_INCREMENT, AUTO_INCREMENT=5;

--
-- 使用資料表自動遞增(AUTO_INCREMENT) `users`
--
ALTER TABLE `users`
  MODIFY `id` int(10) UNSIGNED NOT NULL AUTO_INCREMENT, AUTO_INCREMENT=54;

--
-- 已傾印資料表的限制式
--

--
-- 資料表的限制式 `carts`
--
ALTER TABLE `carts`
  ADD CONSTRAINT `carts_ibfk_1` FOREIGN KEY (`user_id`) REFERENCES `users` (`id`) ON DELETE CASCADE;

--
-- 資料表的限制式 `cart_activity_items`
--
ALTER TABLE `cart_activity_items`
  ADD CONSTRAINT `cart_activity_items_ibfk_1` FOREIGN KEY (`cart_id`) REFERENCES `carts` (`id`) ON DELETE CASCADE;

--
-- 資料表的限制式 `cart_items`
--
ALTER TABLE `cart_items`
  ADD CONSTRAINT `cart_items_ibfk_1` FOREIGN KEY (`cart_id`) REFERENCES `carts` (`id`) ON DELETE CASCADE,
  ADD CONSTRAINT `cart_items_ibfk_2` FOREIGN KEY (`variant_id`) REFERENCES `product_variant` (`id`) ON DELETE CASCADE,
  ADD CONSTRAINT `fk_cart_items_bundle` FOREIGN KEY (`bundle_id`) REFERENCES `product_bundle` (`id`) ON DELETE CASCADE;

--
-- 資料表的限制式 `cart_rental_items`
--
ALTER TABLE `cart_rental_items`
  ADD CONSTRAINT `cart_rental_items_ibfk_1` FOREIGN KEY (`cart_id`) REFERENCES `carts` (`id`) ON DELETE CASCADE;

--
-- 資料表的限制式 `category_small`
--
ALTER TABLE `category_small`
  ADD CONSTRAINT `category_small_ibfk_1` FOREIGN KEY (`category_big_id`) REFERENCES `category_big` (`id`) ON DELETE CASCADE;

--
-- 資料表的限制式 `orders`
--
ALTER TABLE `orders`
  ADD CONSTRAINT `orders_ibfk_1` FOREIGN KEY (`user_id`) REFERENCES `users` (`id`) ON DELETE CASCADE;

--
-- 資料表的限制式 `order_activity_items`
--
ALTER TABLE `order_activity_items`
  ADD CONSTRAINT `order_activity_items_ibfk_1` FOREIGN KEY (`order_id`) REFERENCES `orders` (`id`) ON DELETE CASCADE;

--
-- 資料表的限制式 `order_activity_travelers`
--
ALTER TABLE `order_activity_travelers`
  ADD CONSTRAINT `order_activity_travelers_ibfk_1` FOREIGN KEY (`order_activity_id`) REFERENCES `order_activity_items` (`id`) ON DELETE CASCADE;

--
-- 資料表的限制式 `order_items`
--
ALTER TABLE `order_items`
  ADD CONSTRAINT `fk_order_items_bundle` FOREIGN KEY (`bundle_id`) REFERENCES `product_bundle` (`id`) ON DELETE CASCADE,
  ADD CONSTRAINT `order_items_ibfk_1` FOREIGN KEY (`order_id`) REFERENCES `orders` (`id`) ON DELETE CASCADE,
  ADD CONSTRAINT `order_items_ibfk_2` FOREIGN KEY (`variant_id`) REFERENCES `product_variant` (`id`) ON DELETE CASCADE;

--
-- 資料表的限制式 `order_rental_items`
--
ALTER TABLE `order_rental_items`
  ADD CONSTRAINT `order_rental_items_ibfk_1` FOREIGN KEY (`order_id`) REFERENCES `orders` (`id`) ON DELETE CASCADE;

--
-- 資料表的限制式 `order_shipping_info`
--
ALTER TABLE `order_shipping_info`
  ADD CONSTRAINT `order_shipping_info_ibfk_1` FOREIGN KEY (`order_id`) REFERENCES `orders` (`id`) ON DELETE CASCADE;

--
-- 資料表的限制式 `product`
--
ALTER TABLE `product`
  ADD CONSTRAINT `product_ibfk_1` FOREIGN KEY (`brand_id`) REFERENCES `brand` (`id`) ON DELETE SET NULL,
  ADD CONSTRAINT `product_ibfk_2` FOREIGN KEY (`category_id`) REFERENCES `category_small` (`id`) ON DELETE SET NULL;

--
-- 資料表的限制式 `product_accessories`
--
ALTER TABLE `product_accessories`
  ADD CONSTRAINT `product_accessories_ibfk_1` FOREIGN KEY (`product_id`) REFERENCES `product` (`id`) ON DELETE CASCADE,
  ADD CONSTRAINT `product_accessories_ibfk_2` FOREIGN KEY (`accessory_product_id`) REFERENCES `product` (`id`) ON DELETE CASCADE;

--
-- 資料表的限制式 `product_bundle_items`
--
ALTER TABLE `product_bundle_items`
  ADD CONSTRAINT `product_bundle_items_ibfk_1` FOREIGN KEY (`bundle_id`) REFERENCES `product_bundle` (`id`) ON DELETE CASCADE,
  ADD CONSTRAINT `product_bundle_items_ibfk_2` FOREIGN KEY (`product_id`) REFERENCES `product` (`id`) ON DELETE CASCADE;

--
-- 資料表的限制式 `product_details`
--
ALTER TABLE `product_details`
  ADD CONSTRAINT `product_details_ibfk_1` FOREIGN KEY (`product_id`) REFERENCES `product` (`id`) ON DELETE CASCADE;

--
-- 資料表的限制式 `product_images`
--
ALTER TABLE `product_images`
  ADD CONSTRAINT `product_images_ibfk_1` FOREIGN KEY (`product_id`) REFERENCES `product` (`id`) ON DELETE CASCADE,
  ADD CONSTRAINT `product_images_ibfk_2` FOREIGN KEY (`variant_id`) REFERENCES `product_variant` (`id`) ON DELETE CASCADE;

--
-- 資料表的限制式 `product_variant`
--
ALTER TABLE `product_variant`
  ADD CONSTRAINT `product_variant_ibfk_1` FOREIGN KEY (`product_id`) REFERENCES `product` (`id`) ON DELETE CASCADE,
  ADD CONSTRAINT `product_variant_ibfk_2` FOREIGN KEY (`color_id`) REFERENCES `color` (`id`) ON DELETE CASCADE,
  ADD CONSTRAINT `product_variant_ibfk_3` FOREIGN KEY (`size_id`) REFERENCES `size` (`id`) ON DELETE CASCADE;

--
-- 資料表的限制式 `reviews`
--
ALTER TABLE `reviews`
  ADD CONSTRAINT `reviews_ibfk_1` FOREIGN KEY (`user_id`) REFERENCES `users` (`id`) ON DELETE CASCADE,
  ADD CONSTRAINT `reviews_ibfk_2` FOREIGN KEY (`product_id`) REFERENCES `product` (`id`) ON DELETE CASCADE,
  ADD CONSTRAINT `reviews_ibfk_3` FOREIGN KEY (`order_id`) REFERENCES `orders` (`id`) ON DELETE CASCADE;
COMMIT;

/*!40101 SET CHARACTER_SET_CLIENT=@OLD_CHARACTER_SET_CLIENT */;
/*!40101 SET CHARACTER_SET_RESULTS=@OLD_CHARACTER_SET_RESULTS */;
/*!40101 SET COLLATION_CONNECTION=@OLD_COLLATION_CONNECTION */;
