-- phpMyAdmin SQL Dump
-- version 5.2.1
-- https://www.phpmyadmin.net/
--
-- 主機： 127.0.0.1
-- 產生時間： 2025-02-15 10:58:54
-- 伺服器版本： 10.4.32-MariaDB
-- PHP 版本： 8.0.30

SET SQL_MODE = "NO_AUTO_VALUE_ON_ZERO";
START TRANSACTION;
SET time_zone = "+00:00";


/*!40101 SET @OLD_CHARACTER_SET_CLIENT=@@CHARACTER_SET_CLIENT */;
/*!40101 SET @OLD_CHARACTER_SET_RESULTS=@@CHARACTER_SET_RESULTS */;
/*!40101 SET @OLD_COLLATION_CONNECTION=@@COLLATION_CONNECTION */;
/*!40101 SET NAMES utf8mb4 */;

--
-- 資料庫： `my_project_db`
--

-- --------------------------------------------------------

--
-- 資料表結構 `rent_item`
--

CREATE TABLE `rent_item` (
  `id` int(10) UNSIGNED NOT NULL,
  `rent_category_small_id` int(10) NOT NULL COMMENT '關聯小分類表',
  `name` varchar(255) NOT NULL COMMENT '產品名稱',
  `price` decimal(10,0) NOT NULL COMMENT '原價',
  `price2` decimal(10,0) DEFAULT NULL COMMENT '特價',
  `description` varchar(255) DEFAULT NULL COMMENT '上方簡單描述',
  `description2` varchar(255) DEFAULT NULL COMMENT '下方詳細描述',
  `stock` int(10) UNSIGNED DEFAULT NULL COMMENT '庫存量',
  `created_at` datetime NOT NULL COMMENT '創建時間',
  `update_at​` datetime DEFAULT NULL COMMENT '最後更新時間',
  `deposit` decimal(10,0) DEFAULT NULL COMMENT '押金',
  `is_like` tinyint(1) NOT NULL DEFAULT 0 COMMENT '0:未收藏;1:已收藏',
  `is_deleted` tinyint(1) NOT NULL DEFAULT 0 COMMENT '0: 未刪除, 1: 已刪除'
) ENGINE=InnoDB DEFAULT CHARSET=utf8mb4 COLLATE=utf8mb4_unicode_ci;

--
-- 資料表結構 `rent_image`
--

CREATE TABLE `rent_image` (
  `id` int(10) UNSIGNED NOT NULL,
  `rent_item_id` int(10) NOT NULL,
  `name` varchar(255) NOT NULL,
  `img_url` varchar(255) NOT NULL,
  `is_main` tinyint(1) NOT NULL COMMENT '是否為主要展示圖片',
  `is_deleted` tinyint(1) NOT NULL COMMENT '0: 未刪除, 1: 已刪除'
) ENGINE=InnoDB DEFAULT CHARSET=utf8mb4 COLLATE=utf8mb4_general_ci;

--
-- 資料表結構 `rent_category_small`
--

CREATE TABLE `rent_category_small` (
  `id` int(10) UNSIGNED NOT NULL,
  `name` varchar(255) NOT NULL,
  `description` varchar(255) DEFAULT NULL,
  `rent_category_big_id` int(10) NOT NULL
) ENGINE=InnoDB DEFAULT CHARSET=utf8mb4 COLLATE=utf8mb4_general_ci;

--
-- 資料表結構 `rent_category_big`
--

CREATE TABLE `rent_category_big` (
  `id` int(10) NOT NULL,
  `name` varchar(255) NOT NULL,
  `description` varchar(255) NOT NULL
) ENGINE=InnoDB DEFAULT CHARSET=utf8mb4 COLLATE=utf8mb4_general_ci;

--
-- 資料表結構 `rent_specification`
--

CREATE TABLE `rent_specification` (
  `id` int(11) NOT NULL,
  `rent_item_id` int(11) NOT NULL,
  `brand_id` int(11) NOT NULL,
  `color_id` int(11) DEFAULT NULL,
  `size_id` int(11) DEFAULT NULL,
  `thickness_id` int(11) DEFAULT NULL,
  `material_id` int(11) DEFAULT NULL,
  `is_deleted` tinyint(4) NOT NULL DEFAULT 0 COMMENT '0:未刪除;1:已刪除'
) ENGINE=InnoDB DEFAULT CHARSET=utf8mb4 COLLATE=utf8mb4_general_ci;

--
-- 資料表結構 `color`
--

CREATE TABLE `color` (
  `id` int(10) UNSIGNED NOT NULL,
  `name` varchar(255) DEFAULT NULL,
  `rgb` varchar(20) NOT NULL COMMENT '色碼'
) ENGINE=InnoDB DEFAULT CHARSET=utf8mb4 COLLATE=utf8mb4_unicode_ci;

--
-- 資料表結構 `rent_order`
--

CREATE TABLE `rent_order` (
  `id` int(11) NOT NULL,
  `member_id` int(11) NOT NULL COMMENT '連會員資料表'
) ENGINE=InnoDB DEFAULT CHARSET=utf8mb4 COLLATE=utf8mb4_unicode_ci COMMENT='租借訂單主表';

--
-- 資料表結構 `rent_order_detail`
--

CREATE TABLE `rent_order_detail` (
  `id` int(11) NOT NULL,
  `order_id` int(11) NOT NULL COMMENT '關聯訂單主表',
  `rent_order_id` int(11) NOT NULL,
  `rent_item_id` int(11) NOT NULL,
  `quantity` int(11) NOT NULL COMMENT '數量',
  `start_date` date NOT NULL COMMENT '租借開始日',
  `end_date` date NOT NULL COMMENT '預借歸還日',
  `unit_price` decimal(10,0) NOT NULL COMMENT '租借時單價',
  `unit_deposit` decimal(10,0) NOT NULL COMMENT '租借時押金',
  `subtotal` decimal(10,0) NOT NULL COMMENT '小計 = (unit_price × quantity × rental_days)'
) ENGINE=InnoDB DEFAULT CHARSET=utf8mb4 COLLATE=utf8mb4_unicode_ci COMMENT='租借訂單明細表';

--
-- 傾印資料表的資料 `rent_item`
--

INSERT INTO `rent_item` (`id`, `rent_category_small_id`, `name`, `price`, `price2`, `description`, `description2`, `stock`, `created_at`, `update_at​`, `deposit`, `is_like`, `is_deleted`) VALUES
(1, 1, '液態面鏡', 7400, 3500, '能保有正常水下視野，並省去面鏡平壓的空氣消耗\r\n外圍膠框以亞洲人臉型掃描製作，合臉度更佳；亦可自行打磨增加貼合\r\n搭配鼻夾使用，平衡耳壓更輕鬆', '不想多費空氣做面鏡平壓，又希望在水中保有視力，液態面鏡專為自潛玩家而生；\r\n搭配鼻夾使用可大幅度減少平壓需克服的問題(如捏鼻狀況、空氣分配等)，更專注的下潛\r\n被譽為全世界潛最深的男人(the Deepest Man on Earth)，Herbert Nitsch 擁有三項世界紀錄，同時也是TRYGONS的愛用者。\r\n', 5, '2025-02-09 13:43:33', NULL, NULL, 0, 0),
(2, 1, 'SPHERA X 低容積面鏡', 2650, NULL, 'SPHERA X 新改版\r\n寬視野x低容積\r\n​運動性能優異的自由潛水面鏡 \r\n裙邊採舒適矽膠，柔軟更合臉、捏鼻更順手\r\n透明白款採鍍膜鏡片，防霧 x 耐刮 x 紫外線防護，接近180度的寬廣視野', NULL, 3, '2025-02-09 16:15:24', NULL, NULL, 0, 0),
(3, 1, 'BIO METAL PRO 手工拋光鏡框(經典海龍王)', 14500, NULL, '為享譽盛名的高階面鏡-自潛、水肺皆可用，更是專業首選\r\n高強度、高耐用度，銀色邊框帥氣有型\r\n專利寬視野-高強度鏡框讓左右鏡片間距拉近至7mm，視野無阻礙 \r\nTYPE A低容積-為系列款式內容積最低(60cc) \r\n可依需求選配多款器材(如手電筒、運動攝影機等)', '手工製不鏽鋼鏡框-高強度、高耐用度\r\n柔軟群邊，平壓順手\r\nTYPE A低容積-為系列款式內容積最低(60cc)\r\n鏡框以單一不銹鋼板雕刻成形，並經金屬拋光工匠精心手工精製。 材料具備深沉的光澤與超高硬度\r\n可依需求選配多款器材(如手電筒、運動攝影機等)\r\n', 1, '2025-02-09 16:19:05', NULL, NULL, 0, 0),
(4, 1, 'BIO METAL 多彩鋁合金鏡框(平民海龍王)', 7800, NULL, 'BIO-METAL PRO為APOLLO享譽盛名的高階面鏡-本款BIO METAL為輕量化鋁合金鏡框版本，繽紛色彩；自潛、水肺皆可用\r\n鋁合金鏡框輕量、多彩、高強度；柔軟群邊，平壓順手\r\n專利寬視野-高強度鏡框讓左右鏡片間距拉近至7mm，視野無阻礙 \r\nTYPE A低容積-為系列款式內容積最低(60cc)', NULL, NULL, '2025-02-09 16:20:41', NULL, NULL, 0, 0),
(5, 1, 'MAXLUX S 單片式面鏡', 2380, NULL, '無邊框設計，減少重量與體積，攜帶輕鬆。\r\n全景視野無阻隔，水中世界一覽無遺\r\n浮潛/水肺/自由潛水皆適用\r\n可搭配同色SPY軟式呼吸管', NULL, NULL, '2025-02-09 17:22:56', NULL, NULL, 0, 0),
(6, 1, 'Condor Mask 低容積面鏡', 2550, NULL, '專為在任何類型的潛水活動中實現最佳性能而開發，適用自由潛水、魚獵、浮潛或水肺潛水。\r\n低容積搭配廣闊視野，使潛水員有更好的體驗，柔軟的矽膠裙邊，提供更好的服貼性及舒適度。', NULL, NULL, '2025-02-09 18:32:52', NULL, NULL, 0, 0),
(7, 1, 'PLASMA 低容積面鏡', 1850, NULL, '超耐磨鋼化玻璃，良好的視野和低內部容積\r\n裙邊採柔軟矽膠製成，密合度佳\r\n搭配同色系呼吸管，帥度再上一層', NULL, NULL, '2025-02-09 18:35:43', NULL, NULL, 0, 0),
(8, 1, 'FALCON 低容積面鏡(黑)', 1750, NULL, '由著名的潛水裝備設計師Enrico Sala構思設計，專用於自由潛水，搭配同色系呼吸管，帥度再上一層。\r\n \r\n・商品介紹\r\n-低容積提升潛水表現。\r\n-扣環連接裙邊，配戴更服貼。\r\n-墊圈和天鵝絨，提升密封性及舒適度。\r\n-流線造型降低深潛和快速上升中的拉力影響。\r\n-視野寬廣 - 對於漁獵幫助甚大。\r\n-寬度：137 mm\r\n-高度：100 mm\r\n-內部容積：95 cm³', NULL, NULL, '2025-02-09 18:39:09', NULL, NULL, 0, 0),
(9, 1, 'FALCON 低容積面鏡', 1750, NULL, '由著名的潛水裝備設計師Enrico Sala構思設計，專用於自由潛水，搭配同色系呼吸管，帥度再上一層。\r\n \r\n・商品介紹\r\n-低容積提升潛水表現。\r\n-扣環連接裙邊，配戴更服貼。\r\n-墊圈和天鵝絨，提升密封性及舒適度。\r\n-流線造型降低深潛和快速上升中的拉力影響。\r\n-視野寬廣 - 對於漁獵幫助甚大。\r\n-寬度：137 mm\r\n-高度：100 mm\r\n-內部容積：95 cm³', NULL, NULL, '2025-02-09 18:39:53', NULL, NULL, 0, 0),
(10, 1, 'HUNTER低容積面鏡', 1200, NULL, '超低內容積設計，頂級柔軟的矽膠面罩，配帶舒適又貼臉，視野更寬廣、更清晰\r\n漁獵、攝影或自由潛水者的最佳選擇\r\n體積小可摺疊置于救生衣口袋內作為備用\r\n邊扣調整容易\r\n\r\n・可替換以下光學鏡片\r\n- OL203(近視強化鏡片)：100 ~ 600度 (每50度一單位)', NULL, NULL, '2025-02-09 18:43:01', NULL, NULL, 0, 0),
(11, 1, 'CORONA潛水面鏡', 950, NULL, '電鍍外框，時尚美觀、提升耐用度\r\n旋轉式邊扣易操作，柔軟的矽膠裙邊，舒適貼合臉型。\r\n\r\n可替換以下光學鏡片\r\n- OL-55(近視強化鏡片)：100 ~ 800度\r\n- OL-55M(電鍍近視強化鏡片)：100 ~ 800度 \r\n- OL-55+(老花鏡片)：100 ~ 400度 \r\n※以上鏡片每50度一單位', NULL, NULL, '2025-02-09 18:43:40', NULL, NULL, 0, 0),
(12, 1, 'PANORAMA 鋁合金潛水面鏡', 1800, NULL, '6000系列鋁合金陽極電鍍處理鏡框，質輕視野廣，堅固耐用\r\n\r\n可替換以下光學鏡片\r\n- OL-55(近視強化鏡片)：100 ~ 800度\r\n- OL-55M(電鍍近視強化鏡片)：100 ~ 800度 \r\n- OL-55+(老花鏡片)：100 ~ 400度 \r\n※以上鏡片每50度一單位', NULL, NULL, '2025-02-09 18:46:10', NULL, NULL, 0, 0),
(13, 1, 'HUNTER低容積面鏡/ 防霧鏡片', 1700, NULL, '超低內容積設計，頂級柔軟的矽膠面罩，配帶舒適又貼臉，視野更寬廣、更清晰\r\n漁獵、攝影或自由潛水者的最佳選擇\r\n體積小可摺疊置于救生衣口袋內作為備用\r\n邊扣調整容易\r\n\r\n・使用前請先將薄膜撕下，以清水沖洗過後即可使用。\r\n・請勿再以牙膏/火烤等方式處理鏡面。', NULL, 5, '2025-02-09 18:54:20', NULL, NULL, 0, 0),
(14, 1, 'IST M100 PANORAMA 鋁合金雙面鏡 炫彩 堅韌 質感 (BK)', 1800, NULL, NULL, NULL, NULL, '2025-02-09 18:55:49', NULL, NULL, 0, 0),
(15, 1, 'L1單鏡片面鏡', 800, NULL, '無框面膜由柔軟的 100% 矽膠製成。\r\n鋼化玻璃鏡片\r\n極佳的舒適度和寬廣的視角\r\n快速調節帶扣。\r\n輕便、可折疊、易於存放。\r\n無邊框面鏡能夠在不影響寬視角的情況下減小內部體積，非常適合自由潛水和魚叉捕魚。', NULL, NULL, '2025-02-09 18:56:07', NULL, NULL, 0, 0),
(16, 1, 'L2低容積面鏡', 800, NULL, '無框面膜由柔軟的 100% 矽膠製成。\r\n鋼化玻璃鏡片\r\n極佳的舒適度和寬廣的視角\r\n輕便、可折疊、易於存放。', NULL, NULL, '2025-02-09 18:56:07', NULL, NULL, 0, 0),
(17, 1, '自由潛水面鏡呼吸管組 (黑)', 1250, NULL, '極低內容積，非常適合自由潛水使用，\r\n鏡片採廣角弧度設計，兼具視野及低容積的需求。\r\n較大面積的矽膠面鏡帶 , 為頭部帶來了穩定的感受並能夠分散後腦杓壓力。 \r\n隨附的呼吸管附有高低可調固定扣 , 可輕鬆將呼吸管及咬嘴調整至適合的位置。\r\n管身及咬嘴使用高度柔軟材質 , 能為潛水員帶來舒適感受並增加貼合性。\r\n鏡框及呼吸管身採霧面處理 , 不易殘留水痕並具有低調光澤感。', NULL, NULL, '2025-02-09 18:57:22', NULL, NULL, 0, 0),
(18, 1, '自由潛水面鏡呼吸管組 (白)', 1250, NULL, '極低內容積，非常適合自由潛水使用，\r\n鏡片採廣角弧度設計，兼具視野及低容積的需求。\r\n較大面積的矽膠面鏡帶 , 為頭部帶來了穩定的感受並能夠分散後腦杓壓力。 \r\n隨附的呼吸管附有高低可調固定扣 , 可輕鬆將呼吸管及咬嘴調整至適合的位置。\r\n管身及咬嘴使用高度柔軟材質 , 能為潛水員帶來舒適感受並增加貼合性。\r\n鏡框及呼吸管身採霧面處理 , 不易殘留水痕並具有低調光澤感。', NULL, 8, '2025-02-09 18:57:22', NULL, NULL, 0, 0),
(19, 1, 'STAR LIQUIDSKIN 低容積面鏡', 2480, NULL, '寬視野x低容積，運動性能優異的自由潛水面鏡 \r\n複合矽膠裙邊，柔軟舒適/密合度佳/捏鼻平壓更順手', NULL, NULL, '2025-02-09 18:58:37', NULL, NULL, 0, 0),
(20, 1, 'CORE Freediving Mask 抹茶自由潛水面鏡', 1500, NULL, 'CORE Freediving Mask由柔軟的矽膠製成，具絕佳的舒適性。塑膠框架包裹著曲面透明樹脂鏡片，提供廣闊視野。\r\n此款面鏡之間的距離為14公分。\r\n\r\n・商品介紹\r\n-材質：軟矽膠裙邊；耐用塑膠框架；透明樹脂鏡片\r\n-重量：270公克', NULL, NULL, '2025-02-09 19:04:13', NULL, NULL, 0, 0),
(21, 1, 'AQUA 低容積面鏡', 1700, NULL, '・商品介紹\r\n-超低內容積-僅110CM³的內部空間 \r\n-加大視野-兼具優質視野與運動性能 \r\n-平壓順手-鼻翼二側薄面處理，捏鼻更容易 \r\n-柔軟裙邊-Shore 60純矽膠材質裙邊，柔軟舒適', NULL, NULL, '2025-02-09 19:10:34', NULL, NULL, 0, 0),
(22, 1, 'ALIEN 低容積面鏡 黑色款', 1350, NULL, '・商品介紹\r\n-寬視野x低容積，機能性十足的自潛/打魚好物 \r\n-裙邊採舒適矽膠，更貼合臉型 \r\n-百搭黑色款最實用', NULL, 1, '2025-02-09 19:11:06', NULL, NULL, 0, 0),
(23, 1, 'ALIEN 低容積面鏡 迷彩款', 1350, NULL, '寬視野x低容積，機能性十足的自潛/打魚好物 \r\n裙邊採舒適矽膠，更貼合臉型 \r\n3種迷彩樣式，搭配呼吸管更有型', NULL, NULL, '2025-02-09 19:11:06', NULL, NULL, 0, 0),
(24, 1, 'WOLF MASK 低容積面鏡', 1980, NULL, '面罩體積及內部容積都十分小巧，\r\n適合自由潛水與魚撈等水下活動。\r\nWOLF MASK 採用框架延伸整合裙邊的技術，\r\n使接觸面更加柔軟服貼，舒適感更甚以往。\r\n面鏡鏡片採用鋼化玻璃製成，安全性更高。\r\n與傳統面罩相比，鏡片與臉部間的體積更小，水中視野更寬闊。\r\n\r\n・商品介紹\r\n-超低內容積 -面罩體積及內部容積都十分小巧 \r\n-加大視野 - 兼具優質視野與運動性能\r\n-平壓順手 - 鼻翼二側薄面處理，捏鼻更容易\r\n-柔軟裙邊 - 矽膠材質裙邊，柔軟舒適', NULL, 7, '2025-02-09 19:14:33', NULL, NULL, 0, 0),
(25, 1, 'UP-M1-W/Y 低容積面鏡 石灰白/ 起司黃', 1780, 1600, '・商品介紹\r\n-寬視野x低容積，運動性能優異的自由潛水面鏡 \r\n-頂級面鏡UP-M1C的平價版本 \r\n-UP-M1多彩版 : W石灰白水中更顯眼；Y起司黃美味色', NULL, 2, '2025-02-09 19:19:02', NULL, NULL, 0, 0),
(26, 1, 'ZERO3 低容積面鏡', 1680, 1550, '・商品介紹\r\n-寬視野x低容積，運動性能優異的自由潛水面鏡 \r\n-可視範圍更大，彷彿無面鏡般的自然視野 \r\n-美形外觀更酷炫', NULL, 1, '2025-02-09 19:21:07', NULL, NULL, 0, 0),
(27, 1, 'ZERO3 低容積面鏡', 1680, 1550, '・商品介紹\r\n-寬視野x低容積，運動性能優異的自由潛水面鏡 \r\n-可視範圍更大，彷彿無面鏡般的自然視野 \r\n-美形外觀更酷炫', NULL, 1, '2025-02-09 20:15:04', NULL, NULL, 0, 0),
(28, 1, 'APNEA MASK單片式面鏡', 1900, NULL, NULL, NULL, NULL, '2025-02-09 20:17:05', NULL, NULL, 0, 0),
(29, 1, 'MICRO MASK低容積面鏡', 1700, NULL, '寬視野x低容積-運動性能優異的自由潛水面鏡 \r\n柔軟矽膠裙邊/鼻翼-密合度佳/極度好捏鼻平壓 \r\n高CP值的自潛漁獵好物', NULL, NULL, '2025-02-09 20:17:43', NULL, NULL, 0, 0),
(30, 1, 'STEEL COMP低容積面鏡', 2700, NULL, '經典高人氣款\r\n柔軟群邊更合臉\r\n低內容積設計，平壓更輕鬆', NULL, NULL, '2025-02-09 20:21:31', NULL, NULL, 0, 0),
(31, 1, 'STEEL PRO單片式面鏡', 2700, NULL, '視野無阻隔，輕鬆飽覽水中美景\r\n低容積設計，兼具寬視野與運動性能', NULL, NULL, '2025-02-09 20:28:23', NULL, NULL, 0, 0),
(32, 1, 'PIRANHA 低容積面鏡', 1850, NULL, '低容積 - 相較於傳統面鏡減少30%的內容積 \r\n寬視野 - 提供自然寬廣的水下視野 \r\n更輕量 - 121g的輕量化設計讓您配戴輕鬆無負擔', NULL, 1, '2025-02-09 20:28:23', NULL, NULL, 0, 0),
(33, 1, 'ONE 低容積面鏡 黑綠款', 1580, NULL, '寬視野x低容積，輕鬆飽覽水中生物 \r\n矽膠群邊，適應各種臉型 \r\n暗系配色，低調百搭', NULL, 3, '2025-02-09 20:29:38', NULL, NULL, 0, 0),
(34, 1, 'EXTREME 低容積面鏡', 1580, 1250, '寬視野x低容積，輕鬆飽覽水中生物 \r\n矽膠群邊，適應各種臉型 \r\n暗系配色，低調百搭', NULL, 1, '2025-02-09 20:29:38', NULL, NULL, 0, 0),
(35, 1, 'FREEDOM CEOS面鏡(M-212)', 2500, NULL, '專利圓角裙緣設計，可增加配戴舒適性與貼臉性，長時間使用亦不易殘留臉部痕跡。 \r\n輕量化雙重材質鏡框設計，強化撞擊耐受度並增加手感。 \r\n專利 3D 立體面鏡帶，固定性佳不易滑落而且舒適。', NULL, NULL, '2025-02-09 20:30:58', NULL, NULL, 0, 0),
(36, 1, 'L70 低容積面鏡 暗棕色', 1650, 1350, '寬視野x低容積，一般深度無須平壓 \r\n半無框輕量設計，下潛負擔更低', NULL, 2, '2025-02-09 20:30:58', NULL, NULL, 0, 0),
(37, 2, 'SUPER COMPENSATOR SILICON 單片式面鏡 無框設計/全景視野', 2550, NULL, '寬闊視野-單片圓鏡款式，提供更廣闊之視野 \r\n平壓容易-鼻下方内凹設計，平壓更輕鬆 \r\n舒適配戴-100%軟矽膠裙邊，配戴舒適無壓\r\n浮潛/水肺/自由潛水皆適用', '對BEUCHAT而言SUPER COMPENSATOR款式面鏡具有相當的歷史意義，在技術的提升下他們實現了無框注塑技術，將矽膠裙邊直接包覆於鏡片上，大大減少面鏡的體積與重量\r\n鏡片採無框設計；並將扣件設計於襯裙上，調整時更加服貼\r\n單片圓鏡款式，提供更廣闊之視野\r\n浮潛/水肺/自由潛水皆適用', 1, '2025-02-10 04:55:30', NULL, NULL, 0, 0),
(38, 2, 'MANTIS LV 潛水面鏡', 5500, NULL, '東方版型-GULL經典高階款式，特別適合亞洲人種 \r\n增豔抗UV-鏡片塗層阻擋UVA達80％，減少光線散射，視覺效果更好 \r\n舒適配戴-100%軟矽膠裙邊，配戴舒適無壓迫 \r\n日規高品質\r\n<輕鬆加價享超值組>賣場同步推出包含面鏡、防水盒、護髮帶等配件的超值組合', 'MANTIS是GULL長賣超過30年的一款面鏡，其中的高階版本MANTIS LV，鏡片增加了抗UV塗層，阻擋近80％的紫外線，減少光線散射；同時具有增豔效果\r\n擁有廣闊的視野與適合東方人種的小臉形設計，配戴時幾乎感覺不到它的存在。此外裙邊的設計讓您在面鏡排水時，只要由鼻輕吐氣即可排出海水，無須抬頭', 2, '2025-02-10 04:56:01', NULL, NULL, 0, 0),
(39, 2, 'AQUA PRO 潛水面鏡', 2200, NULL, '寬闊視野-單片圓鏡款式，提供更廣闊之視野 \r\n舒適配戴-100%軟矽膠裙邊，配戴舒適無壓迫 \r\n日製高品質', 'AQUA PRO是GULL相當具指標性的一款面鏡，具備極為廣闊的視野有助任何水底觀賞、探勘；同時也傳承著日本當地悠久的海女文化\r\n以鍛造不鏽鋼製成的邊框，以基本的結構增加耐用度；柔軟的矽膠裙邊提供更舒適的配帶體驗', 1, '2025-02-10 04:56:01', NULL, NULL, 0, 0),
(40, 2, 'ABYSS 潛水面鏡', 3000, NULL, '寬闊視野-單片圓鏡款式，提供更廣闊之視野 \r\n平壓容易-鼻下方内凹設計，平壓更輕鬆 \r\n舒適配戴-100%軟矽膠裙邊，配戴舒適無壓迫 \r\n日製高品質', 'ABYSS是GULL相當具指標性的一款面鏡，具備極為廣闊的視野有助任何水底觀賞、探勘；同時也傳承著日本當地悠久的海女文化\r\n以鍛造不鏽鋼製成的邊框，以基本的結構增加耐用度；鼻下方内凹設計，平壓更輕鬆', NULL, '2025-02-10 04:58:48', NULL, NULL, 0, 0),
(41, 3, 'BIO METAL PRO 手工拋光鏡框(經典海龍王)', 14500, NULL, '為享譽盛名的高階面鏡-自潛、水肺皆可用，更是專業首選\r\n高強度、高耐用度，銀色邊框帥氣有型\r\n專利寬視野-高強度鏡框讓左右鏡片間距拉近至7mm，視野無阻礙 \r\nTYPE A低容積-為系列款式內容積最低(60cc) \r\n可依需求選配多款器材(如手電筒、運動攝影機等)', '手工製不鏽鋼鏡框-高強度、高耐用度\r\n柔軟群邊，平壓順手\r\nTYPE A低容積-為系列款式內容積最低(60cc)\r\n可依需求選配多款器材(如手電筒、運動攝影機等)\r\n', NULL, '2025-02-10 04:59:44', NULL, NULL, 0, 0),
(42, 3, 'BIO METAL 多彩鋁合金鏡框(平民海龍王)', 7800, NULL, 'BIO-METAL PRO為APOLLO享譽盛名的高階面鏡-本款BIO METAL為輕量化鋁合金鏡框版本，繽紛色彩；自潛、水肺皆可用\r\n鋁合金鏡框輕量、多彩、高強度；柔軟群邊，平壓順手\r\n專利寬視野-高強度鏡框讓左右鏡片間距拉近至7mm，視野無阻礙 \r\nTYPE A低容積-為系列款式內容積最低(60cc)', NULL, NULL, '2025-02-10 05:02:20', NULL, NULL, 0, 0),
(43, 3, 'HUNTER低容積面鏡', 1200, NULL, '超低內容積設計，頂級柔軟的矽膠面罩，配帶舒適又貼臉，視野更寬廣、更清晰\r\n漁獵、攝影或自由潛水者的最佳選擇\r\n體積小可摺疊置于救生衣口袋內作為備用\r\n邊扣調整容易\r\n\r\n・可替換以下光學鏡片\r\n- OL203(近視強化鏡片)：100 ~ 600度 (每50度一單位)', NULL, NULL, '2025-02-11 03:58:15', NULL, NULL, 0, 0),
(44, 3, 'CORONA潛水面鏡', 950, NULL, '電鍍外框，時尚美觀、提升耐用度\r\n旋轉式邊扣易操作，柔軟的矽膠裙邊，舒適貼合臉型。\r\n\r\n可替換以下光學鏡片\r\n- OL-55(近視強化鏡片)：100 ~ 800度\r\n- OL-55M(電鍍近視強化鏡片)：100 ~ 800度 \r\n- OL-55+(老花鏡片)：100 ~ 400度 \r\n※以上鏡片每50度一單位', NULL, NULL, '2025-02-11 03:58:15', NULL, NULL, 0, 0),
(45, 3, 'PANORAMA 鋁合金潛水面鏡', 1800, NULL, '6000系列鋁合金陽極電鍍處理鏡框，質輕視野廣，堅固耐用\r\n\r\n可替換以下光學鏡片\r\n- OL-55(近視強化鏡片)：100 ~ 800度\r\n- OL-55M(電鍍近視強化鏡片)：100 ~ 800度 \r\n- OL-55+(老花鏡片)：100 ~ 400度 \r\n※以上鏡片每50度一單位', NULL, NULL, '2025-02-11 04:01:03', NULL, NULL, 0, 0),
(46, 3, 'M100 PANORAMA 鋁合金雙面鏡 炫彩 堅韌 質感 (BK)', 1800, NULL, NULL, NULL, NULL, '2025-02-11 04:03:25', NULL, NULL, 0, 0),
(47, 3, 'ALIEN 低容積面鏡 黑色款', 1350, NULL, '・商品介紹\r\n-寬視野x低容積，機能性十足的自潛/打魚好物 \r\n-裙邊採舒適矽膠，更貼合臉型 \r\n-百搭黑色款最實用', NULL, 1, '2025-02-11 04:04:40', NULL, NULL, 0, 0),
(48, 3, 'ALIEN 低容積面鏡 迷彩款', 1350, NULL, '寬視野x低容積，機能性十足的自潛/打魚好物 \r\n裙邊採舒適矽膠，更貼合臉型 \r\n3種迷彩樣式，搭配呼吸管更有型', NULL, NULL, '2025-02-11 04:04:40', NULL, NULL, 0, 0),
(49, 3, 'FREEDOM CEOS面鏡(M-212)', 2500, NULL, '專利圓角裙緣設計，可增加配戴舒適性與貼臉性，長時間使用亦不易殘留臉部痕跡。 \r\n輕量化雙重材質鏡框設計，強化撞擊耐受度並增加手感。 \r\n專利 3D 立體面鏡帶，固定性佳不易滑落而且舒適。', NULL, NULL, '2025-02-11 04:09:35', NULL, NULL, 0, 0),
(50, 3, 'BIO METAL-近視鏡片(適用海龍王)/單片', 1700, NULL, '無需配戴隱眼，即可飽覽海中美景 \r\n\r\n・購買須知\r\n-連同APOLLO面鏡購買將提供免費安裝\r\n-因水中即有放大效果，可選擇比實際少(如50-100度)之度數\r\n -650~900高度近視款需由日本原廠訂製，單片價格$3,350\r\n-售價為單片，若同時需左&右眼請各別加入購物車結帳即可', NULL, NULL, '2025-02-11 04:13:30', NULL, NULL, 0, 0),
(51, 3, 'MC-7500-近視鏡片(適用M-212/M-28/M-40/TM-7500)', 650, NULL, '無需配戴隱眼，即可飽覽海中美景 \r\n因水中視覺具放大效果，可選擇比實際少(如50度)之度數 \r\n\r\n・商品介紹\r\n-適用TUSA面鏡款式 M-212/ M-28/ M-40/ TM-7500\r\n-連同TUSA面鏡購買將提供免費安裝。 \r\n-商品為單片，左/右眼皆適用。', NULL, NULL, '2025-02-11 04:13:30', NULL, NULL, 0, 0),
(52, 4, 'ACTIVA TUBAIR 特軟呼吸管', 770, NULL, '・矽膠咬嘴，柔軟易使用 \r\n・特柔軟可折管身，收納更容易 \r\n・浮潛/水肺/自由潛水皆適用', NULL, 6, '2025-02-11 04:14:20', NULL, NULL, 0, 0),
(53, 4, 'SPY軟式呼吸管', 850, NULL, '矽膠咬嘴，柔軟易使用\r\n多色選擇，穿搭最有型\r\n浮潛 /水肺 /自由潛水皆適用\r\n可搭配同色MAXLUX S 單片式面鏡', NULL, NULL, '2025-02-11 04:14:20', NULL, NULL, 0, 0),
(54, 4, 'Meltemi 正浮力呼吸管 (福利品)', 950, 880, '管口下緣有小缺角，外觀瑕疵不影響使用，商品狀況可參考實拍圖。\r\n\r\n抗敏矽膠咬嘴，柔軟舒適，\r\n管身扁平設計，當配戴時能更輕鬆的移動，同時提升舒適度，\r\n讓你擁有更好的潛水體驗。', NULL, 5, '2025-02-11 04:33:13', NULL, NULL, 0, 0),
(55, 4, 'MISTRAL呼吸管', 720, NULL, '・商品介紹\r\n-矽膠咬嘴，柔軟舒適\r\n-中段為半剛性軟塑料/末段為柔軟度較高之塑料，有助保持管身出水\r\n-搭配同色系面鏡，帥度再上一層\r\n-・火石紅樣式表面採水轉印技術印刷；圖案會隨使用磨耗造成色落情形，皆屬正常現象、無法認定為瑕疵，還請知悉。', NULL, NULL, '2025-02-11 04:33:13', NULL, NULL, 0, 0),
(56, 4, 'MISTRAL SOFT呼吸管(黑)', 790, NULL, '舒適矽膠咬嘴，管身柔軟易收納', NULL, NULL, '2025-02-11 04:38:52', NULL, NULL, 0, 0),
(57, 4, 'UP-SN1 呼吸管', 710, NULL, '・商品介紹\r\n-矽膠塑料咬嘴-舒適柔軟 \r\n-搭配硬式結構塑料-吸氣更容易 \r\n-四色選擇，同系列面鏡/防寒衣有型好搭', NULL, 6, '2025-02-11 04:38:52', NULL, NULL, 0, 0),
(58, 4, 'Zoom 呼吸管 迷彩三色', 1180, 1050, '・高級黑矽膠咬嘴-舒適柔軟 \r\n・3種迷彩塗裝-隱身於無形', '左:BLACKMOON(黑月迷彩) / 中: CAMU 3D(岩石迷彩) / 右:SEA GREEN(海草迷彩)', 3, '2025-02-11 04:43:13', NULL, NULL, 0, 0),
(59, 4, 'MIMETIC 呼吸管浮力套', 185, NULL, '・商品介紹\r\n-避免呼吸管下沉的法寶 \r\n-水中偽裝隱身必備 \r\n-3種迷彩配色可選\r\n\r\n*本商品不包含呼吸管', '左:REEF(珊瑚迷彩) / 中:SEA GREEN(海草迷彩) /  右:CAMU 3D(岩石迷彩)\r\n*本商品不包含呼吸管', NULL, '2025-02-11 04:45:51', NULL, NULL, 0, 0),
(60, 4, 'Zoom Pro 呼吸管', 700, NULL, '・商品介紹\r\n-高級黑矽膠咬嘴-舒適柔軟 \r\n-基本素黑(軟式)/透明款(硬式)，面鏡/防寒衣百搭', NULL, 1, '2025-02-11 04:48:19', NULL, NULL, 0, 0),
(61, 4, 'SHIFT軟式呼吸管', 590, NULL, '符合人體工學的咬嘴，它是各種類型潛水人員的理想呼吸管。\r\n堅固的結構可確保經久耐用，\r\n呼吸管的直徑使得管內空氣交換效果絕佳，\r\n一旦潛水員到達水面，獨特開口設計可減少多餘海水進入，\r\n並有利海水輕易排出，完美曲線更能與Abalone面鏡完美組合。\r\n\r\n・商品介紹\r\n-柔軟管身 - 完美貼合臉部曲線/體積小好收納\r\n-亮眼帥氣 - 搭配同款面鏡，在海中搶眼吸睛\r\n-高級矽膠咬嘴 - 舒適柔軟不傷口腔', NULL, 5, '2025-02-11 04:56:16', NULL, NULL, 0, 0),
(62, 4, 'SLALOM 軟式呼吸管', 970, NULL, '・舒適柔軟-高級黑矽膠咬嘴 \r\n・減低水阻-依流體力學設計之頭部曲線 \r\n・獨特開口設計-於水面時減少多餘海水進入', '低水阻管身-依流體力學設計符合頭部曲線\r\n高級黑矽膠咬嘴-舒適柔軟，可任意彎曲', NULL, '2025-02-11 04:57:24', NULL, NULL, 0, 0),
(63, 4, 'MED軟式呼吸管', 590, NULL, '高級黑矽膠咬嘴-舒適柔軟 \r\n管身彈性材質-使用順手貼臉', NULL, NULL, '2025-02-11 04:57:24', NULL, NULL, 0, 0),
(64, 4, 'APNEA SNORKEL軟式呼吸管', 750, NULL, '柔軟管身-合臉/好收納\r\n呼吸順暢-末端為硬質塑膠，有助保持出水\r\n搭配同色面鏡，帥度再上一層', NULL, NULL, '2025-02-11 04:59:07', NULL, NULL, 0, 0),
(65, 4, 'BREEZE呼吸管 迷彩款', 1100, NULL, '高級黑矽膠咬嘴-舒適柔軟 \r\n3種迷彩塗裝-隱身於無形', NULL, NULL, '2025-02-11 05:00:03', NULL, NULL, 0, 0),
(66, 5, 'AntiFog 防霧劑(NG品)', 490, 350, '商品情形：瓶內防霧劑滲出，剩餘約7-8成容量。\r\n\r\n・商品介紹\r\n-塗抹於面鏡內側，靜置鏡片上2分鐘，用淡水沖洗。\r\n-每瓶容量50ml；每次建議用量3/4 ml。\r\n-多用途防霧-可適用於潛水面鏡、蛙鏡、雪鏡等。', NULL, 7, '2025-02-12 08:02:11', NULL, NULL, 0, 0),
(67, 5, 'AntiFog 防霧劑(50ML)', 490, NULL, '多用途防霧-可適用於潛水面鏡、蛙鏡、雪鏡等。\r\n\r\n・使用方法\r\n-塗抹於面鏡內側，靜置鏡片上2分鐘，用淡水沖洗。\r\n-每瓶容量50ml；每次建議用量3/4 ml。', 'C4與專業生產清潔產品的 ChanteClair合作，共同開發了Absolute Cleaner和Extreme Antifog解決霧氣問題。', 5, '2025-02-12 08:03:30', NULL, NULL, 0, 0),
(68, 5, 'Cleaner 清潔劑(50ML)', 555, NULL, 'C4與專業生產清潔產品的ChanteClair合作，共同開發了Absolute Cleaner，除去鏡片上的矽油以解決霧氣問題。', NULL, NULL, '2025-02-12 08:03:30', NULL, NULL, 0, 0),
(69, 5, '防霧劑/天然配方(20ML)', 350, NULL, '・商品介紹\r\n-多用途防霧-可適用於潛水面鏡、蛙鏡、雪鏡等。\r\n-不刺激-植物成分提煉，沾到眼睛不刺痛。\r\n-環境友善-可生物降解，不影響環境。\r\n\r\n・使用方法\r\n-噴於面鏡內側，輕微晃動讓液體均勻分布鏡面即可，無須過水。\r\n-每瓶容量20ml；每次按壓噴灑量約0.15ml。', NULL, 1, '2025-02-12 08:04:36', NULL, NULL, 0, 0),
(70, 6, '萬用面鏡盒 EVA材質/高包覆性', 200, NULL, '體積小、結構挺，可提供良好的支撐與保護；面鏡不再刮傷壓壞。\r\n潛水/自潛各種面鏡適用。\r\n\r\n・商品介紹\r\n-尺寸W18 x L12 x H9 cm', NULL, NULL, '2025-02-12 08:09:09', NULL, NULL, 0, 0),
(71, 6, '大包覆款矽膠面鏡帶', 350, NULL, '・商品介紹\r\n-帶身採大塊面頭部固定設計，減少壓迫。\r\n-適用OMER各款面鏡', NULL, 3, '2025-02-12 08:09:09', NULL, NULL, 0, 0),
(72, 6, '基本款矽膠面鏡帶 /多款適用', 270, NULL, '・商品介紹\r\n-OMER各款面鏡皆適用', NULL, NULL, '2025-02-12 08:09:09', NULL, NULL, 0, 0),
(73, 6, 'PIRANHA 矽膠面鏡帶', 240, NULL, '原廠專為PIRANHA面鏡提供的面鏡帶替換品\r\n本商品為面鏡帶替換品，安裝於塑膠扣具上', NULL, 7, '2025-02-12 08:09:09', NULL, NULL, 0, 0),
(74, 6, 'MYSTIC 矽膠面鏡帶', 240, NULL, '原廠專為MYSTIC面鏡提供的面鏡帶替換品\r\n本商品為面鏡帶替換品，安裝於塑膠扣具上\r\n\r\n', NULL, NULL, '2025-02-12 08:09:09', NULL, NULL, 0, 0),
(75, 6, 'PIRANHA 扣具組', 260, NULL, '原廠專為PIRANHA面鏡提供的扣具組替換品 \r\n乙組包含左右二邊，可供乙副面鏡使用\r\n本商品為扣具替換品，安裝於矽膠群邊上', NULL, 4, '2025-02-12 08:09:09', NULL, NULL, 0, 0),
(76, 6, '面鏡護髮帶/雙面配色', 600, 385, '長髮海人救星-避免面鏡帶拉扯秀髮 \r\n正反2色搭配', NULL, 3, '2025-02-12 08:09:09', NULL, NULL, 0, 0),
(77, 6, '面鏡護髮帶 (雙面配色)', 650, NULL, '長髮海人救星-避免面鏡帶拉扯秀髮 \r\n正反2色自由變換', NULL, 1, '2025-02-12 08:09:09', NULL, NULL, 0, 0),
(78, 6, '面鏡護髮帶', 800, NULL, '', NULL, 2, '2025-02-12 08:09:09', NULL, NULL, 0, 0),
(79, 6, '面鏡保護帶', 600, NULL, NULL, NULL, 1, '2025-02-12 08:09:09', NULL, NULL, 0, 0),
(80, 7, 'ULTRA Pro 碳纖維長蛙鞋 (PROBLUE腳套)', 19980, 19970, '適合已有經驗的潛水員。\r\n以OOA成形技術為基礎，保有LAZYFISH經典的V-CUT抗扭轉疊層，同時加強全邊框防斷結構。結合仿生理念，將魚類尾柄處產生推進力的結構特性引入碳纖維蹼板的設計中。不同於直接漸縮蹼板的做法，研發新穎的設計，通過減少蹼板無作用表面積區塊，從而顯著降低踢動阻力，有效提升碳纖維的回彈速率。\r\n\r\n軟硬度\r\n-SOFT (軟）：適用於體重65公斤以下\r\n-MEDIUM (中）：適用於體重66-80公斤\r\n\r\n・部分尺寸為預購，請先與我們確認庫存及預購等待時間，恕不接受退/換貨。', NULL, NULL, '2025-02-12 08:27:01', NULL, NULL, 0, 0),
(81, 7, 'ULTRA Pro 碳纖維長蛙鞋 (PATHOS腳套)', 19980, 19980, '適合已有經驗的潛水員。\r\n以OOA成形技術為基礎，保有LAZYFISH經典的V-CUT抗扭轉疊層，同時加強全邊框防斷結構。結合仿生理念，將魚類尾柄處產生推進力的結構特性引入碳纖維蹼板的設計中。不同於直接漸縮蹼板的做法，研發新穎的設計，通過減少蹼板無作用表面積區塊，從而顯著降低踢動阻力，有效提升碳纖維的回彈速率。\r\n\r\n軟硬度\r\n-SOFT (軟）：適用於體重65公斤以下\r\n-MEDIUM (中）：適用於體重66-80公斤\r\n\r\n\r\n・已含腳套及黏膠組裝服務，黏膠組裝款式恕無法提供退/換貨', NULL, NULL, '2025-02-12 08:27:01', NULL, NULL, 0, 0),
(82, 7, 'CS1碳纖維蛙鞋/修復品', 20800, 18800, '高強韌/高回彈碳纖維板，全新真空灌注技術手工製成。 \r\n高合腳度腳套，踢動更貼合 \r\n世界冠軍ALEXEY親自研發測試 \r\n\r\n・商品介紹\r\n-蛙鞋尺寸(含腳套)：82 x 19.2 cm\r\n-湖水綠/ 硬度S/ 腳長22.5/ 腳掌圍21.5cm\r\n-本款式已包含腳套\r\n\r\n・商品狀況 : 全新，單支蹼面末端運送時有壓痕產生，採用膠黏修復、不影響使用與性能。', NULL, 1, '2025-02-12 08:29:43', NULL, NULL, 0, 0),
(83, 7, '全碳纖維長蛙板：迷幻未來 FUTURIC', 10600, NULL, '極高CP值，加購腳套優雅升級碳纖維 \r\n平民版碳纖維，低總價高性能 \r\n尺寸完整，小腳女孩輕鬆著用\r\n\r\n・商品介紹\r\n-裸板尺寸80 x 20cm\r\n-腳套搭配建議: LEADERFINS - FORZA (螺絲組裝)\r\n-不同批生產之LEADERFINS蛙鞋板軟硬度可能略有差異，還請知悉\r\n\r\n・此商品不含腳套，請另行選購；賣場蛙鞋板/腳套商品皆未組裝，需代客組裝請下單組裝費用。', NULL, 1, '2025-02-12 08:29:43', NULL, NULL, 0, 0),
(84, 7, 'PRANA 碳纖維長蛙鞋板(MARES/PATHOS規格)', 15800, 9350, '義大利原裝進口，自由潛水/打魚最佳選擇 \r\n3D剛性結構碳纖維，韌性x彈性再升級 \r\n短板面設計，有助於水面、浪區的操控性\r\n\r\n・商品介紹\r\n-裸版尺寸78 x 18.5cm/ 折角始算蹼面長度66.5cm\r\n-腳套搭配建議:PATHOS(膠黏固定) / MARES - RAZOR(螺絲組裝)\r\n\r\n・此商品不含腳套，請另行選購；賣場蛙鞋板/腳套商品皆未組裝，需代客組裝請下單組裝費用。', '高彈性&高剛性-採3D剛性結構製成之碳纖維板面，增加推進效率與耐用性。\r\n精悍的尺寸78x18.5cm，助於對抗不同方向之水流，於小深度靈活移動。\r\n來自義大利的頂級材料工藝，共有中(M)/軟(S)二種硬度', 3, '2025-02-12 08:32:43', NULL, NULL, 0, 0),
(85, 7, 'SUPREME 碳纖維長蛙鞋板', 12800, NULL, '・商品介紹\r\n-裸版尺寸89.5 x 20 cm\r\n-折腳角度: 33° \r\n-腳套搭配建議: PATHOS(膠黏組裝)\r\n-點我選購PATHOS腳套\r\n\r\n・此商品不含腳套，請另行選購；賣場蛙鞋板/腳套商品皆未組裝，需代客組裝請下單組裝費用。', NULL, 1, '2025-02-12 08:32:43', NULL, NULL, 0, 0),
(86, 7, 'ULTIMATE 碳纖維長蛙鞋板', 9900, NULL, '・商品介紹\r\n-裸版尺寸82.5 x 19.4 cm\r\n-折腳角度: 28° \r\n-腳套搭配建議: PATHOS(膠黏組裝)\r\n-點我選購PATHOS腳套\r\n\r\n・此商品不含腳套，請另行選購；賣場蛙鞋板/腳套商品皆未組裝，需代客組裝請下單組裝費用。', NULL, 1, '2025-02-12 08:32:43', NULL, NULL, 0, 0),
(87, 7, 'MAXIMUM 碳纖維長蛙鞋板', 9500, NULL, '・商品介紹\r\n-裸版尺寸75 x 19.3 cm\r\n-折腳角度: 24° \r\n-腳套搭配建議: PATHOS(膠黏組裝)\r\n-點我選購PATHOS腳套\r\n\r\n・此商品不含腳套，請另行選購；賣場蛙鞋板/腳套商品皆未組裝，需代客組裝請下單組裝費用。', NULL, 1, '2025-02-12 08:32:43', NULL, NULL, 0, 0),
(88, 7, 'AERO 全碳纖維長蛙鞋板 經典款', 13800, 8400, '義大利頂級材料工藝，彈性x強韌板材，推進力再升級 \r\n讓您以少許力氣換取高動能的實用好物 \r\n可加購專屬訂製服務，打造獨一無二的蛙鞋\r\n \r\n・商品介紹\r\n-裸版尺寸80 x 20cm\r\n-腳套搭配建議: C4 SCARPE(螺絲組裝)\r\n\r\n此商品不含腳套，請另行選購；賣場蛙鞋板/腳套商品皆未組裝，需代客組裝請下單組裝費用。', '100%預浸技術及熱塑技術的碳纖維材料，讓板面兼具強韌度與彈性，除增加雙腳推進效率、避免不必要的疲勞，也延長了使用壽命。\r\n經典款的導水條較為粗大，踢起來腳感較強，帶來大幅度速度感*安裝方式取決於您所選擇隻鞋套，包括膠黏固定與螺絲鎖定，並會視導水條狀況將腳套多餘之龍骨截短，以達最佳導水效果。\r\n', 1, '2025-02-12 08:42:34', NULL, NULL, 0, 0),
(89, 7, 'FORCE全碳纖長蛙 /銀字特惠版', 19250, 11550, '輕柔強韌-納米碳纖維技術蛙鞋板，絕佳的柔軟強韌度 \r\n超輕量-以波浪型結構加強，板材厚度更輕薄(單支僅300g) \r\n\r\n・商品介紹\r\n-裸版尺寸85 x 20cm\r\n-軟硬度1-3 (數字越大越硬)。\r\n-焦色為原廠在銀色字塗裝上的色偏狀況，皆不影響功能/壽命與保固。\r\n-腳套搭配建議:CETMA S-WING(螺絲組裝) / PATHOS(膠粘組裝)。\r\n\r\n此商品不含腳套，請另行選購；賣場蛙鞋板/腳套商品皆未組裝，需代客組裝請下單組裝費用。', '焦色為原廠在銀色LOGO塗裝上的色偏狀況，每張板部位、範圍略有差異，皆不影響功能/壽命與保固。\r\n白邊條版本同步供貨', 1, '2025-02-12 08:42:34', NULL, NULL, 0, 0),
(90, 7, 'FORCE全碳纖維長蛙板(S-WING規格)', 19250, 15400, '世界首款-納米碳纖維技術蛙鞋板，絕佳的彎曲強韌度 \r\n超輕量-以波浪型結構加強，板材厚度更輕薄(單支僅300g) \r\n\r\n・商品介紹\r\n-裸版尺寸85 x 20cm\r\n-軟硬度1-3 (數字越大越硬)\r\n-腳套搭配建議:S-WING(螺絲組裝)\r\n\r\n・此商品不含腳套，請另行選購；賣場蛙鞋板/腳套商品皆未組裝，需代客組裝請下單組裝費用。', '採用世界首創奈米塗層，強化了碳纖維板的韌度與彈性，使用壽命更長。\r\n改版的FORCE帶來更強的推進力，並有不同軟硬度可選(1-3 / 數字越大越硬)\r\nFORCE是CARBONIO GFT在材質創新上又一力作，不論外型/性能皆有高完成度的演出\r\n現貨可搭CETMA S-WING規格腳套，傳導力絕佳\r\n白邊條版本同步供貨', NULL, '2025-02-12 08:45:29', NULL, NULL, 0, 0),
(91, 7, 'FORCE全碳纖維長蛙板(PATHOS規格)', 19250, 15400, '世界首款-納米碳纖維技術蛙鞋板，絕佳的彎曲強韌度 \r\n超輕量-以波浪型結構加強，板材厚度更輕薄(單支僅300g) \r\n\r\n・商品介紹\r\n-裸版尺寸85 x 20cm\r\n-軟硬度1-3 (數字越大越硬)\r\n-腳套搭配建議:PATHOS\r\n\r\n・此商品不含腳套，請另行選購；賣場蛙鞋板/腳套商品皆未組裝，需代客組裝請下單組裝費用。', NULL, 1, '2025-02-12 08:45:29', NULL, NULL, 0, 0),
(92, 7, 'DUAL CARBON FINS PAIR 全碳纖蛙鞋', 13300, 9000, '全碳纖維設計，不只加強蛙鞋板在單點的壓力耐受度，整體蛙鞋板強韌度再升級。\r\n搭配獨家流體力學優勢，傳動效率再提升 \r\n\r\n・商品介紹\r\n-導水條為紅色\r\n-裸板總長80cm/板寬19.5cm\r\n-本款式已包含腳套', NULL, 3, '2025-02-12 08:51:02', NULL, NULL, 0, 0),
(93, 7, 'V3碳纖維長蛙鞋', 18850, 17700, NULL, NULL, NULL, '2025-02-12 08:51:02', NULL, NULL, 0, 0),
(94, 7, 'V3 30碳纖維長蛙鞋(搭C4-300腳套)', 20000, 19300, '・ 組合內含\r\n-V3 30碳纖維蛙鞋板*1雙\r\n-C4 300腳套*1雙\r\n-膠黏組裝\r\n\r\n・V3 30碳纖維蛙鞋板\r\n-裸版尺寸80 x 19.5cm\r\n-折腳起算長度為65cm / 折腳角度30°\r\n\r\n・C4 300腳套\r\n獨步全球最輕巧-複合塑料材質，單支重量僅316g的蛙鞋套(40-41尺寸) \r\n高傳導性-窄版腳型，包覆性佳', NULL, NULL, '2025-02-12 08:52:40', NULL, NULL, 0, 0),
(95, 7, 'V3 30碳纖維長蛙鞋(搭C4-400腳套)', 19550, 19300, '・ 組合內含\r\n-V3 30碳纖維蛙鞋板*1雙\r\n-C4 400腳套*1雙\r\n-膠黏組裝\r\n\r\n・V3 30碳纖維蛙鞋板\r\n-裸版尺寸80 x 19.5cm\r\n-折腳起算長度為65cm / 折腳角度30°\r\n\r\n・C4 400腳套\r\n高相容性-C4 300/400系列蛙鞋板皆可搭配\r\n穿脫便利-熱塑性橡膠材質，彈性好穿\r\n低負擔-390g輕量設計(42-43尺寸) \r\n包覆性佳-窄版腳型，力量傳導更好', NULL, NULL, '2025-02-12 08:52:40', NULL, NULL, 0, 0),
(96, 7, 'V3 碳纖維長蛙板', 14900, NULL, '・商品介紹\r\n-裸版尺寸75 x 19.5cm\r\n-折腳起算長度為63cm / 折腳角度23°\r\n-建議搭配PATHOS(膠黏組裝)\r\n\r\n・此商品不含腳套，請另行選購；賣場蛙鞋板/腳套商品皆未組裝，需代客組裝請下單組裝費用。', NULL, 1, '2025-02-12 09:06:24', NULL, NULL, 0, 0),
(97, 7, 'V3-30 碳纖維長蛙板', 16300, NULL, '・商品介紹\r\n-裸版尺寸80 x 19.5cm\r\n-折腳起算長度為65cm / 折腳角度30°\r\n-建議搭配C4-300 / C4-400 / C4-250腳套(膠黏組裝)\r\n\r\n・此商品不含腳套，請另行選購；賣場蛙鞋板/腳套商品皆未組裝，需代客組裝請下單組裝費用。', NULL, 1, '2025-02-12 09:06:24', NULL, NULL, 0, 0),
(98, 7, 'DYNAMI TECH L 碳纖長蛙裸板', 15000, NULL, '輕盈靈活的DYNAMI-TECH針對深度玩家所推出的L長版 ，保留板身的輕柔，以加長蹼面強化推進的力道\r\n3D剛性結構碳纖維，韌性x彎曲度再升級 \r\n採共振作用設計之板面，在泳池訓練/水中漁獵保有優異靈活性 \r\n\r\n・商品介紹\r\n-裸板尺寸約75 x 18.5cm /折角始算蹼面長度65cm/ 折腳角度27˚\r\n-腳套搭配建議: CETMA - S WING(螺絲組裝)\r\n\r\n・此商品不含腳套，請另行選購；賣場蛙鞋板/腳套商品皆未組裝，需代客組裝請下單組裝費用。', '性能X質感，MANTRA帶給您精品般的碳纖維材料工藝\r\n本款為S-WING腳套專用的鞋板尺寸，可看見腳板部位加長延伸至足跟位置，讓您的腿力傳導更充分。', 2, '2025-02-12 09:06:24', NULL, NULL, 0, 0);

--
-- 傾印資料表的資料 `rent_image`
--

INSERT INTO `rent_image` (`id`, `rent_item_id`, `name`, `img_url`, `is_main`, `is_deleted`) VALUES
(1, 1, '1739334129135-276699084.jpg', '/uploads/1739334129135-276699084.jpg', 0, 0),
(2, 1, '1739334129137-87431837.jpg', '/uploads/1739334129137-87431837.jpg', 0, 0),
(3, 1, '1739334129140-685783505.jpg', '/uploads/1739334129140-685783505.jpg', 1, 0),
(4, 2, '1739334146788-781960183.jpg', '/uploads/1739334146788-781960183.jpg', 0, 0),
(5, 2, '1739334146788-310900230.jpg', '/uploads/1739334146788-310900230.jpg', 0, 0),
(6, 2, '1739334146789-950633223.jpg', '/uploads/1739334146789-950633223.jpg', 0, 0),
(7, 2, '1739334146789-427649119.jpg', '/uploads/1739334146789-427649119.jpg', 0, 0),
(8, 2, '1739334146789-99730912.jpg', '/uploads/1739334146789-99730912.jpg', 1, 0),
(9, 2, '1739334146789-980566092.jpg', '/uploads/1739334146789-980566092.jpg', 0, 0),
(10, 3, '1739334218457-842229272.jpg', '/uploads/1739334218457-842229272.jpg', 0, 0),
(11, 3, '1739334218457-47479406.jpg', '/uploads/1739334218457-47479406.jpg', 0, 0),
(12, 3, '1739334218457-446771939.jpg', '/uploads/1739334218457-446771939.jpg', 1, 0),
(13, 4, '1739334367004-514396786.jpg', '/uploads/1739334367004-514396786.jpg', 0, 0),
(14, 4, '1739334367005-459670367.jpg', '/uploads/1739334367005-459670367.jpg', 0, 0),
(15, 4, '1739334367006-964576960.jpg', '/uploads/1739334367006-964576960.jpg', 0, 0),
(16, 4, '1739334367008-478876588.jpg', '/uploads/1739334367008-478876588.jpg', 0, 0),
(17, 4, '1739334367013-326949701.jpg', '/uploads/1739334367013-326949701.jpg', 0, 0),
(18, 4, '1739334367016-115511680.jpg', '/uploads/1739334367016-115511680.jpg', 0, 0),
(19, 4, '1739334367018-698036073.jpg', '/uploads/1739334367018-698036073.jpg', 0, 0),
(20, 4, '1739334367022-217379283.jpg', '/uploads/1739334367022-217379283.jpg', 0, 0),
(21, 4, '1739334367026-977174818.jpg', '/uploads/1739334367026-977174818.jpg', 1, 0),
(22, 5, '1739334457360-336746050.jpg', '/uploads/1739334457360-336746050.jpg', 0, 0),
(23, 5, '1739334457362-588825492.jpg', '/uploads/1739334457362-588825492.jpg', 1, 0),
(24, 5, '1739334457363-671225002.jpg', '/uploads/1739334457363-671225002.jpg', 0, 0),
(25, 6, '1739334605648-771891591.jpg', '/uploads/1739334605648-771891591.jpg', 0, 0),
(26, 6, '1739334605649-678013535.jpg', '/uploads/1739334605649-678013535.jpg', 0, 0),
(27, 6, '1739334605650-920919957.jpg', '/uploads/1739334605650-920919957.jpg', 0, 0),
(28, 6, '1739334605651-3059659.jpg', '/uploads/1739334605651-3059659.jpg', 1, 0),
(29, 7, '1739334731264-312182861.jpg', '/uploads/1739334731264-312182861.jpg', 0, 0),
(30, 7, '1739334731264-923607425.jpg', '/uploads/1739334731264-923607425.jpg', 0, 0),
(31, 7, '1739334731265-788426568.jpg', '/uploads/1739334731265-788426568.jpg', 0, 0),
(32, 7, '1739334731266-821525570.jpg', '/uploads/1739334731266-821525570.jpg', 0, 0),
(33, 7, '1739334731267-208064340.jpg', '/uploads/1739334731267-208064340.jpg', 0, 0),
(34, 7, '1739334731268-571119482.jpg', '/uploads/1739334731268-571119482.jpg', 1, 0),
(35, 8, '1739334804613-132818046.jpg', '/uploads/1739334804613-132818046.jpg', 0, 0),
(36, 8, '1739334804615-674069537.jpg', '/uploads/1739334804615-674069537.jpg', 0, 0),
(37, 8, '1739334804616-616341123.jpg', '/uploads/1739334804616-616341123.jpg', 1, 0),
(38, 9, '1739336294447-297182072.jpg', '/uploads/1739336294447-297182072.jpg', 0, 0),
(39, 9, '1739336294452-252393140.jpg', '/uploads/1739336294452-252393140.jpg', 0, 0),
(40, 9, '1739336294454-167462128.jpg', '/uploads/1739336294454-167462128.jpg', 0, 0),
(41, 9, '1739336294456-352241777.jpg', '/uploads/1739336294456-352241777.jpg', 0, 0),
(42, 9, '1739336294457-32353934.jpg', '/uploads/1739336294457-32353934.jpg', 0, 0),
(43, 9, '1739336294458-947984055.jpg', '/uploads/1739336294458-947984055.jpg', 0, 0),
(44, 9, '1739336294460-9325382.jpg', '/uploads/1739336294460-9325382.jpg', 0, 0),
(45, 9, '1739336294461-968313936.jpg', '/uploads/1739336294461-968313936.jpg', 0, 0),
(46, 9, '1739336294461-37291525.jpg', '/uploads/1739336294461-37291525.jpg', 0, 0),
(47, 9, '1739336294464-476570668.jpg', '/uploads/1739336294464-476570668.jpg', 0, 0),
(48, 9, '1739336294466-574160442.jpg', '/uploads/1739336294466-574160442.jpg', 1, 0),
(49, 10, '1739336449577-942611110.jpg', '/uploads/1739336449577-942611110.jpg', 0, 0),
(50, 10, '1739336449579-726881367.jpg', '/uploads/1739336449579-726881367.jpg', 1, 0),
(51, 11, '1739336497783-895721636.jpg', '/uploads/1739336497783-895721636.jpg', 1, 0),
(52, 12, '1739336580736-755492046.jpg', '/uploads/1739336580736-755492046.jpg', 0, 0),
(53, 12, '1739336580738-779056655.jpg', '/uploads/1739336580738-779056655.jpg', 0, 0),
(54, 12, '1739336580739-3697279.jpg', '/uploads/1739336580739-3697279.jpg', 0, 0),
(55, 12, '1739336580740-295013135.jpg', '/uploads/1739336580740-295013135.jpg', 0, 0),
(56, 12, '1739336580740-337924375.jpg', '/uploads/1739336580740-337924375.jpg', 1, 0),
(57, 13, '1739336703082-853280637.jpg', '/uploads/1739336703082-853280637.jpg', 0, 0),
(58, 13, '1739336703083-917609739.jpg', '/uploads/1739336703083-917609739.jpg', 0, 0),
(59, 13, '1739336703084-137675294.jpg', '/uploads/1739336703084-137675294.jpg', 0, 0),
(60, 13, '1739336703085-754236225.jpg', '/uploads/1739336703085-754236225.jpg', 0, 0),
(61, 13, '1739336703086-532624533.jpg', '/uploads/1739336703086-532624533.jpg', 0, 0),
(62, 13, '1739336703087-860530565.jpg', '/uploads/1739336703087-860530565.jpg', 0, 0),
(63, 13, '1739336703088-467984931.jpg', '/uploads/1739336703088-467984931.jpg', 0, 0),
(64, 13, '1739336703089-168237150.jpg', '/uploads/1739336703089-168237150.jpg', 0, 0),
(65, 13, '1739336703090-920477118.jpg', '/uploads/1739336703090-920477118.jpg', 0, 0),
(66, 13, '1739336703090-942840123.jpg', '/uploads/1739336703090-942840123.jpg', 1, 0),
(67, 14, '1739336741334-116539958.jpg', '/uploads/1739336741334-116539958.jpg', 1, 0),
(68, 15, '1739336843709-197815760.jpg', '/uploads/1739336843709-197815760.jpg', 1, 0),
(69, 16, '1739336873613-822759627.jpg', '/uploads/1739336873613-822759627.jpg', 1, 0),
(70, 17, '1739336927517-222560149.jpg', '/uploads/1739336927517-222560149.jpg', 1, 0),
(71, 18, '1739336964766-433138909.jpg', '/uploads/1739336964766-433138909.jpg', 1, 0),
(72, 19, '1739337019861-614436960.jpg', '/uploads/1739337019861-614436960.jpg', 0, 0),
(73, 19, '1739337019861-249372816.jpg', '/uploads/1739337019861-249372816.jpg', 1, 0),
(74, 20, '1739337145921-871200739.jpg', '/uploads/1739337145921-871200739.jpg', 0, 0),
(75, 20, '1739337145921-411176865.jpg', '/uploads/1739337145921-411176865.jpg', 0, 0),
(76, 20, '1739337145921-191946808.jpg', '/uploads/1739337145921-191946808.jpg', 0, 0),
(77, 20, '1739337145923-307611715.jpg', '/uploads/1739337145923-307611715.jpg', 0, 0),
(78, 20, '1739337145923-499956846.jpg', '/uploads/1739337145923-499956846.jpg', 0, 0),
(79, 20, '1739337145924-722313707.jpg', '/uploads/1739337145924-722313707.jpg', 0, 0),
(80, 20, '1739337145925-44618225.jpg', '/uploads/1739337145925-44618225.jpg', 0, 0),
(81, 20, '1739337145927-669232976.jpg', '/uploads/1739337145927-669232976.jpg', 0, 0),
(82, 20, '1739337145929-498483881.jpg', '/uploads/1739337145929-498483881.jpg', 1, 0),
(83, 21, '1739337247175-470502695.jpg', '/uploads/1739337247175-470502695.jpg', 0, 0),
(84, 21, '1739337247175-939244982.jpg', '/uploads/1739337247175-939244982.jpg', 0, 0),
(85, 21, '1739337247176-77152444.jpg', '/uploads/1739337247176-77152444.jpg', 0, 0),
(86, 21, '1739337247177-324253522.jpg', '/uploads/1739337247177-324253522.jpg', 0, 0),
(87, 21, '1739337247178-679295293.jpg', '/uploads/1739337247178-679295293.jpg', 0, 0),
(88, 21, '1739337247179-194759585.jpg', '/uploads/1739337247179-194759585.jpg', 0, 0),
(89, 21, '1739337247180-595488789.jpg', '/uploads/1739337247180-595488789.jpg', 1, 0),
(90, 22, '1739337291495-951309604.jpg', '/uploads/1739337291495-951309604.jpg', 1, 0),
(91, 23, '1739337377055-947787237.jpg', '/uploads/1739337377055-947787237.jpg', 0, 0),
(92, 23, '1739337377057-326971689.jpg', '/uploads/1739337377057-326971689.jpg', 0, 0),
(93, 23, '1739337377059-378527732.jpg', '/uploads/1739337377059-378527732.jpg', 0, 0),
(94, 23, '1739337377060-35063175.jpg', '/uploads/1739337377060-35063175.jpg', 0, 0),
(95, 23, '1739337377062-973764487.jpg', '/uploads/1739337377062-973764487.jpg', 0, 0),
(96, 23, '1739337377064-254469000.jpg', '/uploads/1739337377064-254469000.jpg', 0, 0),
(97, 23, '1739337377065-125931095.jpg', '/uploads/1739337377065-125931095.jpg', 1, 0),
(98, 23, '1739337377066-213131349.jpg', '/uploads/1739337377066-213131349.jpg', 0, 0),
(99, 24, '1739337472112-903408640.jpg', '/uploads/1739337472112-903408640.jpg', 0, 0),
(100, 24, '1739337472114-166090605.jpg', '/uploads/1739337472114-166090605.jpg', 0, 0),
(101, 24, '1739337472114-676494351.jpg', '/uploads/1739337472114-676494351.jpg', 0, 0),
(102, 24, '1739337472115-37932498.jpg', '/uploads/1739337472115-37932498.jpg', 0, 0),
(103, 24, '1739337472116-281275263.jpg', '/uploads/1739337472116-281275263.jpg', 0, 0),
(104, 24, '1739337472117-890507058.jpg', '/uploads/1739337472117-890507058.jpg', 0, 0),
(105, 24, '1739337472118-431749674.jpg', '/uploads/1739337472118-431749674.jpg', 0, 0),
(106, 24, '1739337472119-196422189.jpg', '/uploads/1739337472119-196422189.jpg', 0, 0),
(107, 24, '1739337472120-610535592.jpg', '/uploads/1739337472120-610535592.jpg', 0, 0),
(108, 24, '1739337472123-996451654.jpg', '/uploads/1739337472123-996451654.jpg', 1, 0),
(109, 24, '1739337472123-416910176.jpg', '/uploads/1739337472123-416910176.jpg', 0, 0),
(110, 24, '1739337472124-967436478.jpg', '/uploads/1739337472124-967436478.jpg', 0, 0),
(111, 25, '1739337552005-474300372.jpg', '/uploads/1739337552005-474300372.jpg', 0, 0),
(112, 25, '1739337552006-717757609.jpg', '/uploads/1739337552006-717757609.jpg', 0, 0),
(113, 25, '1739337552008-673062370.jpg', '/uploads/1739337552008-673062370.jpg', 1, 0),
(114, 26, '1739337608309-63721781.jpg', '/uploads/1739337608309-63721781.jpg', 0, 0),
(115, 26, '1739337608309-256461142.jpg', '/uploads/1739337608309-256461142.jpg', 1, 0),
(116, 27, '1739338948341-981593331.jpg', '/uploads/1739338948341-981593331.jpg', 0, 0),
(117, 27, '1739338948343-216920561.jpg', '/uploads/1739338948343-216920561.jpg', 0, 0),
(118, 27, '1739338948344-427360133.jpg', '/uploads/1739338948344-427360133.jpg', 0, 0),
(119, 27, '1739338948346-210704855.jpg', '/uploads/1739338948346-210704855.jpg', 0, 0),
(120, 27, '1739338948348-520984872.jpg', '/uploads/1739338948348-520984872.jpg', 1, 0),
(121, 28, '1739339011701-646666417.jpg', '/uploads/1739339011701-646666417.jpg', 0, 0),
(122, 28, '1739339011701-856393335.jpg', '/uploads/1739339011701-856393335.jpg', 0, 0),
(123, 28, '1739339011702-785349335.jpg', '/uploads/1739339011702-785349335.jpg', 1, 0),
(124, 28, '1739339011703-124703056.jpg', '/uploads/1739339011703-124703056.jpg', 0, 0),
(125, 29, '1739339472943-185074207.jpg', '/uploads/1739339472943-185074207.jpg', 0, 0),
(126, 29, '1739339472944-143759618.jpg', '/uploads/1739339472944-143759618.jpg', 0, 0),
(127, 29, '1739339472945-269969500.jpg', '/uploads/1739339472945-269969500.jpg', 0, 0),
(128, 29, '1739339472946-807625614.jpg', '/uploads/1739339472946-807625614.jpg', 0, 0),
(129, 29, '1739339472947-304582330.jpg', '/uploads/1739339472947-304582330.jpg', 0, 0),
(130, 29, '1739339472948-417070617.jpg', '/uploads/1739339472948-417070617.jpg', 0, 0),
(131, 29, '1739339472949-106352238.jpg', '/uploads/1739339472949-106352238.jpg', 0, 0),
(132, 29, '1739339472950-253989004.jpg', '/uploads/1739339472950-253989004.jpg', 0, 0),
(133, 29, '1739339472951-633992430.jpg', '/uploads/1739339472951-633992430.jpg', 0, 0),
(134, 29, '1739339472951-550201826.jpg', '/uploads/1739339472951-550201826.jpg', 0, 0),
(135, 29, '1739339472952-594038929.jpg', '/uploads/1739339472952-594038929.jpg', 0, 0),
(136, 29, '1739339472953-894682401.jpg', '/uploads/1739339472953-894682401.jpg', 0, 0),
(137, 29, '1739339472954-784369315.jpg', '/uploads/1739339472954-784369315.jpg', 1, 0),
(138, 30, '1739339515315-422692806.jpg', '/uploads/1739339515315-422692806.jpg', 1, 0),
(139, 31, '1739339641715-861021575.jpg', '/uploads/1739339641715-861021575.jpg', 1, 0),
(140, 32, '1739339706277-506359362.jpg', '/uploads/1739339706277-506359362.jpg', 0, 0),
(141, 32, '1739339706279-428328298.jpg', '/uploads/1739339706279-428328298.jpg', 0, 0),
(142, 32, '1739339706281-331112352.jpg', '/uploads/1739339706281-331112352.jpg', 0, 0),
(143, 32, '1739339706282-894421919.jpg', '/uploads/1739339706282-894421919.jpg', 0, 0),
(144, 32, '1739339706283-915989918.jpg', '/uploads/1739339706283-915989918.jpg', 1, 0),
(145, 33, '1739339753539-846232276.jpg', '/uploads/1739339753539-846232276.jpg', 1, 0),
(146, 33, '1739339753539-105641623.jpg', '/uploads/1739339753539-105641623.jpg', 0, 0),
(147, 34, '1739339805108-788336163.jpg', '/uploads/1739339805108-788336163.jpg', 1, 0),
(148, 34, '1739339805108-228044499.jpg', '/uploads/1739339805108-228044499.jpg', 0, 0),
(149, 35, '1739339862692-50710559.jpg', '/uploads/1739339862692-50710559.jpg', 0, 0),
(150, 35, '1739339862694-959925862.jpg', '/uploads/1739339862694-959925862.jpg', 0, 0),
(151, 35, '1739339862695-908842691.jpg', '/uploads/1739339862695-908842691.jpg', 0, 0),
(152, 35, '1739339862697-588691538.jpg', '/uploads/1739339862697-588691538.jpg', 1, 0),
(153, 37, '1739340030310-248374135.jpg', '/uploads/1739340030310-248374135.jpg', 0, 0),
(154, 37, '1739340030311-158821524.jpg', '/uploads/1739340030311-158821524.jpg', 0, 0),
(155, 37, '1739340030312-742155870.jpg', '/uploads/1739340030312-742155870.jpg', 0, 0),
(156, 37, '1739340030313-884951051.jpg', '/uploads/1739340030313-884951051.jpg', 0, 0),
(157, 37, '1739340030314-867438973.jpg', '/uploads/1739340030314-867438973.jpg', 0, 0),
(158, 37, '1739340030314-368922280.jpg', '/uploads/1739340030314-368922280.jpg', 0, 0),
(159, 37, '1739340030316-253473848.jpg', '/uploads/1739340030316-253473848.jpg', 0, 0),
(160, 37, '1739340030317-679103220.jpg', '/uploads/1739340030317-679103220.jpg', 1, 0),
(161, 38, '1739340093483-143261527.jpg', '/uploads/1739340093483-143261527.jpg', 1, 0),
(162, 38, '1739340093484-680182475.jpg', '/uploads/1739340093484-680182475.jpg', 0, 0),
(163, 38, '1739340093484-239283886.jpg', '/uploads/1739340093484-239283886.jpg', 0, 0),
(164, 38, '1739340093484-709615487.jpg', '/uploads/1739340093484-709615487.jpg', 0, 0),
(165, 39, '1739340132564-922250675.jpg', '/uploads/1739340132564-922250675.jpg', 1, 0),
(166, 39, '1739340132564-194073117.jpg', '/uploads/1739340132564-194073117.jpg', 0, 0),
(167, 39, '1739340132564-914669540.jpg', '/uploads/1739340132564-914669540.jpg', 0, 0),
(168, 39, '1739340132564-287186333.jpg', '/uploads/1739340132564-287186333.jpg', 0, 0),
(169, 40, '1739340332612-195850798.jpg', '/uploads/1739340332612-195850798.jpg', 1, 0),
(170, 40, '1739340332612-199120675.jpg', '/uploads/1739340332612-199120675.jpg', 0, 0),
(171, 40, '1739340332613-735769598.jpg', '/uploads/1739340332613-735769598.jpg', 0, 0),
(172, 40, '1739340332613-860148111.jpg', '/uploads/1739340332613-860148111.jpg', 0, 0),
(173, 41, '1739341014854-574420446.jpg', '/uploads/1739341014854-574420446.jpg', 0, 0),
(174, 41, '1739341014855-340815555.jpg', '/uploads/1739341014855-340815555.jpg', 1, 0),
(175, 41, '1739341014855-111071091.jpg', '/uploads/1739341014855-111071091.jpg', 0, 0),
(176, 41, '1739341014856-537385316.jpg', '/uploads/1739341014856-537385316.jpg', 0, 0),
(177, 41, '1739341014857-397596710.jpg', '/uploads/1739341014857-397596710.jpg', 0, 0),
(178, 41, '1739341014857-940058960.jpg', '/uploads/1739341014857-940058960.jpg', 0, 0),
(179, 41, '1739341014857-537557019.jpg', '/uploads/1739341014857-537557019.jpg', 0, 0),
(180, 41, '1739341014859-148607537.jpg', '/uploads/1739341014859-148607537.jpg', 0, 0),
(181, 42, '1739341066214-317526340.jpg', '/uploads/1739341066214-317526340.jpg', 0, 0),
(182, 42, '1739341066214-973694867.jpg', '/uploads/1739341066214-973694867.jpg', 0, 0),
(183, 42, '1739341066215-321170685.jpg', '/uploads/1739341066215-321170685.jpg', 0, 0),
(184, 42, '1739341066217-922048125.jpg', '/uploads/1739341066217-922048125.jpg', 0, 0),
(185, 42, '1739341066217-410918813.jpg', '/uploads/1739341066217-410918813.jpg', 0, 0),
(186, 42, '1739341066219-171609364.jpg', '/uploads/1739341066219-171609364.jpg', 0, 0),
(187, 42, '1739341066220-642289150.jpg', '/uploads/1739341066220-642289150.jpg', 0, 0),
(188, 42, '1739341066221-596413862.jpg', '/uploads/1739341066221-596413862.jpg', 0, 0),
(189, 42, '1739341066222-688880271.jpg', '/uploads/1739341066222-688880271.jpg', 1, 0),
(190, 43, '1739341099410-111531759.jpg', '/uploads/1739341099410-111531759.jpg', 1, 0),
(191, 44, '1739341147069-832798657.jpg', '/uploads/1739341147069-832798657.jpg', 1, 0),
(192, 44, '1739341147069-78247054.jpg', '/uploads/1739341147069-78247054.jpg', 0, 0),
(193, 44, '1739341147069-160944451.jpg', '/uploads/1739341147069-160944451.jpg', 0, 0),
(194, 44, '1739341147069-722663345.jpg', '/uploads/1739341147069-722663345.jpg', 0, 0),
(195, 44, '1739341147070-563715816.jpg', '/uploads/1739341147070-563715816.jpg', 0, 0),
(196, 45, '1739341201695-931207511.jpg', '/uploads/1739341201695-931207511.jpg', 0, 0),
(197, 45, '1739341201695-896720005.jpg', '/uploads/1739341201695-896720005.jpg', 0, 0),
(198, 45, '1739341201695-664447264.jpg', '/uploads/1739341201695-664447264.jpg', 0, 0),
(199, 45, '1739341201696-510009861.jpg', '/uploads/1739341201696-510009861.jpg', 0, 0),
(200, 45, '1739341201696-785132632.jpg', '/uploads/1739341201696-785132632.jpg', 0, 0),
(201, 45, '1739341201696-618232707.jpg', '/uploads/1739341201696-618232707.jpg', 0, 0),
(202, 45, '1739341201696-653817528.jpg', '/uploads/1739341201696-653817528.jpg', 1, 0),
(203, 45, '1739341201697-79651019.jpg', '/uploads/1739341201697-79651019.jpg', 0, 0),
(204, 45, '1739341201698-427681430.jpg', '/uploads/1739341201698-427681430.jpg', 0, 0),
(205, 45, '1739341201698-217971.jpg', '/uploads/1739341201698-217971.jpg', 0, 0),
(206, 46, '1739341242971-926524460.jpg', '/uploads/1739341242971-926524460.jpg', 1, 0),
(207, 47, '1739341273302-469817470.jpg', '/uploads/1739341273302-469817470.jpg', 1, 0),
(208, 47, '1739341273302-100996321.jpg', '/uploads/1739341273302-100996321.jpg', 0, 0),
(209, 48, '1739341307567-941987224.jpg', '/uploads/1739341307567-941987224.jpg', 1, 0),
(210, 48, '1739341307569-519943408.jpg', '/uploads/1739341307569-519943408.jpg', 0, 0),
(211, 48, '1739341307569-670250520.jpg', '/uploads/1739341307569-670250520.jpg', 0, 0),
(212, 48, '1739341307571-979245046.jpg', '/uploads/1739341307571-979245046.jpg', 0, 0),
(213, 48, '1739341307572-678051709.jpg', '/uploads/1739341307572-678051709.jpg', 0, 0),
(214, 48, '1739341307572-564685557.jpg', '/uploads/1739341307572-564685557.jpg', 0, 0),
(215, 48, '1739341307573-517796484.jpg', '/uploads/1739341307573-517796484.jpg', 0, 0),
(216, 48, '1739341307573-828265637.jpg', '/uploads/1739341307573-828265637.jpg', 0, 0),
(217, 49, '1739341345343-628780358.jpg', '/uploads/1739341345343-628780358.jpg', 0, 0),
(218, 49, '1739341345344-499312287.jpg', '/uploads/1739341345344-499312287.jpg', 0, 0),
(219, 49, '1739341345344-858082654.jpg', '/uploads/1739341345344-858082654.jpg', 0, 0),
(220, 49, '1739341345345-801551033.jpg', '/uploads/1739341345345-801551033.jpg', 0, 0),
(221, 49, '1739341345346-220895789.jpg', '/uploads/1739341345346-220895789.jpg', 0, 0),
(222, 49, '1739341345347-723254955.jpg', '/uploads/1739341345347-723254955.jpg', 0, 0),
(223, 49, '1739341345347-124423458.jpg', '/uploads/1739341345347-124423458.jpg', 0, 0),
(224, 49, '1739341345347-782834462.jpg', '/uploads/1739341345347-782834462.jpg', 0, 0),
(225, 49, '1739341345348-610799229.jpg', '/uploads/1739341345348-610799229.jpg', 1, 0),
(226, 49, '1739341345349-369118576.jpg', '/uploads/1739341345349-369118576.jpg', 0, 0),
(227, 49, '1739341345350-249129414.jpg', '/uploads/1739341345350-249129414.jpg', 0, 0),
(228, 49, '1739341345351-498759403.jpg', '/uploads/1739341345351-498759403.jpg', 0, 0),
(229, 50, '1739341373835-364324849.jpg', '/uploads/1739341373835-364324849.jpg', 1, 0),
(230, 51, '1739341495331-804515484.jpg', '/uploads/1739341495331-804515484.jpg', 0, 0),
(231, 51, '1739341495333-453037129.jpg', '/uploads/1739341495333-453037129.jpg', 0, 0),
(232, 51, '1739341495334-393777115.jpg', '/uploads/1739341495334-393777115.jpg', 0, 0),
(233, 51, '1739341495335-876192804.jpg', '/uploads/1739341495335-876192804.jpg', 1, 0),
(234, 51, '1739341541554-956317119.jpg', '/uploads/1739341541554-956317119.jpg', 1, 0),
(235, 52, '1739341694619-465147780.jpg', '/uploads/1739341694619-465147780.jpg', 0, 0),
(236, 52, '1739341694619-469263313.jpg', '/uploads/1739341694619-469263313.jpg', 1, 0),
(237, 52, '1739341694620-368218579.jpg', '/uploads/1739341694620-368218579.jpg', 0, 0),
(238, 53, '1739341721548-366938291.jpg', '/uploads/1739341721548-366938291.jpg', 1, 0),
(239, 54, '1739341830766-741050451.jpg', '/uploads/1739341830766-741050451.jpg', 0, 0),
(240, 54, '1739341830766-529714990.jpg', '/uploads/1739341830766-529714990.jpg', 0, 0),
(241, 54, '1739341830769-412392178.jpg', '/uploads/1739341830769-412392178.jpg', 0, 0),
(242, 54, '1739341830771-653733884.jpg', '/uploads/1739341830771-653733884.jpg', 0, 0),
(243, 54, '1739341830774-152260054.jpg', '/uploads/1739341830774-152260054.jpg', 0, 0),
(244, 54, '1739341830776-646226542.jpg', '/uploads/1739341830776-646226542.jpg', 0, 0),
(245, 54, '1739341830778-933426908.jpg', '/uploads/1739341830778-933426908.jpg', 0, 0),
(246, 54, '1739341830782-950468030.jpg', '/uploads/1739341830782-950468030.jpg', 1, 0),
(247, 55, '1739341882334-681370938.jpg', '/uploads/1739341882334-681370938.jpg', 1, 0),
(248, 55, '1739341882335-407861854.jpg', '/uploads/1739341882335-407861854.jpg', 0, 0),
(249, 55, '1739341882335-11130425.jpg', '/uploads/1739341882335-11130425.jpg', 0, 0),
(250, 55, '1739341882335-998050998.jpg', '/uploads/1739341882335-998050998.jpg', 0, 0),
(251, 55, '1739341882336-636528894.jpg', '/uploads/1739341882336-636528894.jpg', 0, 0),
(252, 55, '1739341882336-206343819.jpg', '/uploads/1739341882336-206343819.jpg', 0, 0),
(253, 55, '1739341882337-596304304.jpg', '/uploads/1739341882337-596304304.jpg', 0, 0),
(254, 55, '1739341882338-663694146.jpg', '/uploads/1739341882338-663694146.jpg', 0, 0),
(255, 55, '1739341882339-896441558.jpg', '/uploads/1739341882339-896441558.jpg', 0, 0),
(256, 56, '1739341927419-656075826.jpg', '/uploads/1739341927419-656075826.jpg', 1, 0),
(257, 57, '1739341959046-499261765.jpg', '/uploads/1739341959046-499261765.jpg', 0, 0),
(258, 57, '1739341959046-620517406.jpg', '/uploads/1739341959046-620517406.jpg', 0, 0),
(259, 57, '1739341959046-15228496.jpg', '/uploads/1739341959046-15228496.jpg', 1, 0),
(260, 57, '1739341959047-784874479.jpg', '/uploads/1739341959047-784874479.jpg', 0, 0),
(261, 57, '1739341959047-426368791.jpg', '/uploads/1739341959047-426368791.jpg', 0, 0),
(262, 57, '1739341959048-415693141.jpg', '/uploads/1739341959048-415693141.jpg', 0, 0),
(263, 57, '1739341959048-82797417.jpg', '/uploads/1739341959048-82797417.jpg', 0, 0),
(264, 58, '1739342026947-632690057.jpg', '/uploads/1739342026947-632690057.jpg', 0, 0),
(265, 58, '1739342026948-837445901.jpg', '/uploads/1739342026948-837445901.jpg', 1, 0),
(266, 59, '1739342163605-140804330.jpg', '/uploads/1739342163605-140804330.jpg', 1, 0),
(267, 59, '1739342163605-206144068.jpg', '/uploads/1739342163605-206144068.jpg', 0, 0),
(268, 60, '1739342199246-480088760.jpg', '/uploads/1739342199246-480088760.jpg', 1, 0),
(269, 60, '1739342199246-575643643.jpg', '/uploads/1739342199246-575643643.jpg', 0, 0),
(270, 60, '1739342199248-914589526.jpg', '/uploads/1739342199248-914589526.jpg', 0, 0),
(271, 60, '1739342199248-432678830.jpg', '/uploads/1739342199248-432678830.jpg', 0, 0),
(272, 60, '1739342199249-340874294.jpg', '/uploads/1739342199249-340874294.jpg', 0, 0),
(273, 60, '1739342199250-690146391.jpg', '/uploads/1739342199250-690146391.jpg', 0, 0),
(274, 60, '1739342199250-734162850.jpg', '/uploads/1739342199250-734162850.jpg', 0, 0),
(275, 61, '1739342241500-240192796.jpg', '/uploads/1739342241500-240192796.jpg', 1, 0),
(276, 61, '1739342241501-449553246.jpg', '/uploads/1739342241501-449553246.jpg', 0, 0),
(277, 62, '1739342270902-255555994.jpg', '/uploads/1739342270902-255555994.jpg', 1, 0),
(278, 62, '1739342270903-930980427.jpg', '/uploads/1739342270903-930980427.jpg', 0, 0),
(279, 62, '1739342270904-795141625.jpg', '/uploads/1739342270904-795141625.jpg', 0, 0),
(280, 62, '1739342270905-612795558.jpg', '/uploads/1739342270905-612795558.jpg', 0, 0),
(281, 62, '1739342270906-616048430.jpg', '/uploads/1739342270906-616048430.jpg', 0, 0),
(282, 63, '1739342346742-370339915.jpg', '/uploads/1739342346742-370339915.jpg', 0, 0),
(283, 63, '1739342346743-630653785.jpg', '/uploads/1739342346743-630653785.jpg', 0, 0),
(284, 63, '1739342346745-705297386.jpg', '/uploads/1739342346745-705297386.jpg', 0, 0),
(285, 63, '1739342346746-204935089.jpg', '/uploads/1739342346746-204935089.jpg', 0, 0),
(286, 63, '1739342346747-734833626.jpg', '/uploads/1739342346747-734833626.jpg', 0, 0),
(287, 63, '1739342346748-272108174.jpg', '/uploads/1739342346748-272108174.jpg', 0, 0),
(288, 63, '1739342346749-789195919.jpg', '/uploads/1739342346749-789195919.jpg', 1, 0),
(289, 64, '1739342382219-821284219.jpg', '/uploads/1739342382219-821284219.jpg', 1, 0),
(290, 65, '1739342434580-91290362.jpg', '/uploads/1739342434580-91290362.jpg', 1, 0),
(291, 66, '1739344047962-422544669.jpg', '/uploads/1739344047962-422544669.jpg', 1, 0),
(292, 66, '1739344047964-485176581.jpg', '/uploads/1739344047964-485176581.jpg', 0, 0),
(293, 67, '1739344062006-157756713.jpg', '/uploads/1739344062006-157756713.jpg', 1, 0),
(294, 67, '1739344062006-273693570.jpg', '/uploads/1739344062006-273693570.jpg', 0, 0),
(295, 68, '1739344077070-354145909.jpg', '/uploads/1739344077070-354145909.jpg', 1, 0),
(296, 68, '1739344077071-522834492.jpg', '/uploads/1739344077071-522834492.jpg', 0, 0),
(297, 69, '1739344100085-283746313.jpg', '/uploads/1739344100085-283746313.jpg', 1, 0),
(298, 69, '1739344100086-230757470.jpg', '/uploads/1739344100086-230757470.jpg', 0, 0),
(299, 70, '1739344622214-736587502.jpg', '/uploads/1739344622214-736587502.jpg', 0, 0),
(300, 70, '1739344622215-786685265.jpg', '/uploads/1739344622215-786685265.jpg', 1, 0),
(301, 71, '1739344630230-410950793.jpg', '/uploads/1739344630230-410950793.jpg', 1, 0),
(302, 71, '1739344630230-460976700.jpg', '/uploads/1739344630230-460976700.jpg', 0, 0),
(303, 72, '1739344639694-78149682.jpg', '/uploads/1739344639694-78149682.jpg', 1, 0),
(304, 72, '1739344639694-536572924.jpg', '/uploads/1739344639694-536572924.jpg', 0, 0),
(305, 73, '1739344655903-438159338.jpg', '/uploads/1739344655903-438159338.jpg', 1, 0),
(306, 73, '1739344655904-487648549.jpg', '/uploads/1739344655904-487648549.jpg', 0, 0),
(307, 74, '1739344664813-342321558.jpg', '/uploads/1739344664813-342321558.jpg', 1, 0),
(308, 75, '1739344672294-591758339.jpg', '/uploads/1739344672294-591758339.jpg', 1, 0),
(309, 75, '1739344672295-729448972.jpg', '/uploads/1739344672295-729448972.jpg', 0, 0),
(310, 76, '1739344704782-397707377.jpg', '/uploads/1739344704782-397707377.jpg', 0, 0),
(311, 76, '1739344704783-402201143.jpg', '/uploads/1739344704783-402201143.jpg', 1, 0),
(312, 77, '1739344712998-783396339.jpg', '/uploads/1739344712998-783396339.jpg', 1, 0),
(313, 78, '1739344720526-48551277.jpg', '/uploads/1739344720526-48551277.jpg', 1, 0),
(314, 79, '1739344729455-582628765.jpg', '/uploads/1739344729455-582628765.jpg', 1, 0),
(315, 80, '1739346922080-411582.jpg', '/uploads/1739346922080-411582.jpg', 1, 0),
(316, 81, '1739346928761-336490245.jpg', '/uploads/1739346928761-336490245.jpg', 1, 0),
(317, 82, '1739346954389-698881613.jpg', '/uploads/1739346954389-698881613.jpg', 0, 0),
(318, 82, '1739346954390-357452362.jpg', '/uploads/1739346954390-357452362.jpg', 1, 0),
(319, 82, '1739346954390-180611226.jpg', '/uploads/1739346954390-180611226.jpg', 0, 0),
(320, 82, '1739346954392-174806756.jpg', '/uploads/1739346954392-174806756.jpg', 0, 0),
(321, 82, '1739346954393-679118596.jpg', '/uploads/1739346954393-679118596.jpg', 0, 0),
(322, 82, '1739346954393-768476638.jpg', '/uploads/1739346954393-768476638.jpg', 0, 0),
(323, 82, '1739346954393-11196306.jpg', '/uploads/1739346954393-11196306.jpg', 0, 0),
(324, 82, '1739346954394-595614716.jpg', '/uploads/1739346954394-595614716.jpg', 0, 0),
(325, 82, '1739346954394-649645715.jpg', '/uploads/1739346954394-649645715.jpg', 0, 0),
(326, 82, '1739346954395-654933882.jpg', '/uploads/1739346954395-654933882.jpg', 0, 0),
(327, 82, '1739346954395-886343823.jpg', '/uploads/1739346954395-886343823.jpg', 0, 0),
(328, 83, '1739346968410-730381131.jpg', '/uploads/1739346968410-730381131.jpg', 0, 0),
(329, 83, '1739346968411-500683051.jpg', '/uploads/1739346968411-500683051.jpg', 1, 0),
(330, 84, '1739346992934-79829476.jpg', '/uploads/1739346992934-79829476.jpg', 0, 0),
(331, 84, '1739346992934-499032130.jpg', '/uploads/1739346992934-499032130.jpg', 0, 0),
(332, 84, '1739346992935-709706648.jpg', '/uploads/1739346992935-709706648.jpg', 0, 0),
(333, 84, '1739346992935-932269948.jpg', '/uploads/1739346992935-932269948.jpg', 0, 0),
(334, 84, '1739346992936-353903294.jpg', '/uploads/1739346992936-353903294.jpg', 0, 0),
(335, 84, '1739346992937-185249401.jpg', '/uploads/1739346992937-185249401.jpg', 0, 0),
(336, 84, '1739346992938-547795412.jpg', '/uploads/1739346992938-547795412.jpg', 0, 0),
(337, 84, '1739346992938-457650642.jpg', '/uploads/1739346992938-457650642.jpg', 1, 0),
(338, 84, '1739346992940-514481482.jpg', '/uploads/1739346992940-514481482.jpg', 0, 0),
(339, 84, '1739346992941-594431690.jpg', '/uploads/1739346992941-594431690.jpg', 0, 0),
(340, 84, '1739346992941-13361942.jpg', '/uploads/1739346992941-13361942.jpg', 0, 0),
(341, 84, '1739346992941-304018359.jpg', '/uploads/1739346992941-304018359.jpg', 0, 0),
(342, 85, '1739347020865-974272337.jpg', '/uploads/1739347020865-974272337.jpg', 1, 0),
(343, 85, '1739347020866-619818469.jpg', '/uploads/1739347020866-619818469.jpg', 0, 0),
(344, 85, '1739347020866-651880593.jpg', '/uploads/1739347020866-651880593.jpg', 0, 0),
(345, 86, '1739347030409-432022016.jpg', '/uploads/1739347030409-432022016.jpg', 0, 0),
(346, 86, '1739347030410-725175553.jpg', '/uploads/1739347030410-725175553.jpg', 0, 0),
(347, 86, '1739347030410-117990349.jpg', '/uploads/1739347030410-117990349.jpg', 1, 0),
(348, 87, '1739347040017-232698394.jpg', '/uploads/1739347040017-232698394.jpg', 0, 0),
(349, 87, '1739347040017-937158083.jpg', '/uploads/1739347040017-937158083.jpg', 1, 0),
(350, 87, '1739347040018-597056782.jpg', '/uploads/1739347040018-597056782.jpg', 0, 0),
(351, 88, '1739347049517-762076581.jpg', '/uploads/1739347049517-762076581.jpg', 0, 0),
(352, 88, '1739347049518-302214752.jpg', '/uploads/1739347049518-302214752.jpg', 0, 0),
(353, 88, '1739347049519-88788461.jpg', '/uploads/1739347049519-88788461.jpg', 0, 0),
(354, 88, '1739347049520-185931505.jpg', '/uploads/1739347049520-185931505.jpg', 0, 0),
(355, 88, '1739347049521-873237597.jpg', '/uploads/1739347049521-873237597.jpg', 0, 0),
(356, 88, '1739347049523-565133736.jpg', '/uploads/1739347049523-565133736.jpg', 0, 0),
(357, 88, '1739347049525-867584535.jpg', '/uploads/1739347049525-867584535.jpg', 0, 0),
(358, 88, '1739347049527-462886121.jpg', '/uploads/1739347049527-462886121.jpg', 0, 0),
(359, 88, '1739347049530-444935304.jpg', '/uploads/1739347049530-444935304.jpg', 0, 0),
(360, 88, '1739347049533-249323990.jpg', '/uploads/1739347049533-249323990.jpg', 0, 0),
(361, 88, '1739347049534-582850558.jpg', '/uploads/1739347049534-582850558.jpg', 1, 0),
(362, 89, '1739347129597-401213026.jpg', '/uploads/1739347129597-401213026.jpg', 0, 0),
(363, 89, '1739347129599-525115783.jpg', '/uploads/1739347129599-525115783.jpg', 0, 0),
(364, 89, '1739347129600-379405678.jpg', '/uploads/1739347129600-379405678.jpg', 0, 0),
(365, 89, '1739347129601-203093866.jpg', '/uploads/1739347129601-203093866.jpg', 0, 0),
(366, 89, '1739347129601-89591535.jpg', '/uploads/1739347129601-89591535.jpg', 0, 0),
(367, 89, '1739347129604-604645103.jpg', '/uploads/1739347129604-604645103.jpg', 0, 0),
(368, 89, '1739347129605-547154307.jpg', '/uploads/1739347129605-547154307.jpg', 0, 0),
(369, 89, '1739347129608-473200493.jpg', '/uploads/1739347129608-473200493.jpg', 0, 0),
(370, 89, '1739347129611-757120276.jpg', '/uploads/1739347129611-757120276.jpg', 0, 0),
(371, 89, '1739347129614-324705711.jpg', '/uploads/1739347129614-324705711.jpg', 0, 0),
(372, 89, '1739347129615-432991860.jpg', '/uploads/1739347129615-432991860.jpg', 1, 0),
(373, 89, '1739347129618-471628937.jpg', '/uploads/1739347129618-471628937.jpg', 0, 0),
(374, 89, '1739347129618-600844450.jpg', '/uploads/1739347129618-600844450.jpg', 0, 0),
(375, 89, '1739347129619-264446215.jpg', '/uploads/1739347129619-264446215.jpg', 0, 0),
(376, 90, '1739347137586-462804994.jpg', '/uploads/1739347137586-462804994.jpg', 0, 0),
(377, 90, '1739347137589-804052468.jpg', '/uploads/1739347137589-804052468.jpg', 1, 0),
(378, 90, '1739347137591-200445597.jpg', '/uploads/1739347137591-200445597.jpg', 0, 0),
(379, 90, '1739347137591-223636720.jpg', '/uploads/1739347137591-223636720.jpg', 0, 0),
(380, 90, '1739347137594-901589265.jpg', '/uploads/1739347137594-901589265.jpg', 0, 0),
(381, 90, '1739347137597-984421627.jpg', '/uploads/1739347137597-984421627.jpg', 0, 0),
(382, 90, '1739347137599-648809282.jpg', '/uploads/1739347137599-648809282.jpg', 0, 0),
(383, 91, '1739347145611-974499540.jpg', '/uploads/1739347145611-974499540.jpg', 0, 0),
(384, 91, '1739347145613-60019173.jpg', '/uploads/1739347145613-60019173.jpg', 1, 0),
(385, 91, '1739347145615-945086125.jpg', '/uploads/1739347145615-945086125.jpg', 0, 0),
(386, 91, '1739347145616-992901325.jpg', '/uploads/1739347145616-992901325.jpg', 0, 0),
(387, 91, '1739347145619-141644141.jpg', '/uploads/1739347145619-141644141.jpg', 0, 0),
(388, 91, '1739347145621-805312405.jpg', '/uploads/1739347145621-805312405.jpg', 0, 0),
(389, 91, '1739347145622-327377287.jpg', '/uploads/1739347145622-327377287.jpg', 0, 0),
(390, 92, '1739347164890-574700959.jpg', '/uploads/1739347164890-574700959.jpg', 0, 0),
(391, 92, '1739347164891-478001920.jpg', '/uploads/1739347164891-478001920.jpg', 0, 0),
(392, 92, '1739347164892-479218194.jpg', '/uploads/1739347164892-479218194.jpg', 1, 0),
(393, 92, '1739347164893-450328046.jpg', '/uploads/1739347164893-450328046.jpg', 0, 0),
(394, 92, '1739347164894-271098888.jpg', '/uploads/1739347164894-271098888.jpg', 0, 0),
(395, 93, '1739347180121-958941551.jpg', '/uploads/1739347180121-958941551.jpg', 1, 0),
(396, 94, '1739347186849-475969170.jpg', '/uploads/1739347186849-475969170.jpg', 1, 0),
(397, 95, '1739347193624-453910109.jpg', '/uploads/1739347193624-453910109.jpg', 1, 0),
(398, 96, '1739347953201-24127709.jpg', '/uploads/1739347953201-24127709.jpg', 0, 0),
(399, 96, '1739347953205-916022318.jpg', '/uploads/1739347953205-916022318.jpg', 0, 0),
(400, 96, '1739347953207-414802972.jpg', '/uploads/1739347953207-414802972.jpg', 0, 0),
(401, 96, '1739347953209-614852919.jpg', '/uploads/1739347953209-614852919.jpg', 0, 0),
(402, 96, '1739347953220-2914425.jpg', '/uploads/1739347953220-2914425.jpg', 1, 0),
(403, 96, '1739347953222-853066716.jpg', '/uploads/1739347953222-853066716.jpg', 0, 0),
(404, 96, '1739347953222-971755759.jpg', '/uploads/1739347953222-971755759.jpg', 0, 0),
(405, 97, '1739347963340-99411992.jpg', '/uploads/1739347963340-99411992.jpg', 0, 0),
(406, 97, '1739347963344-523621965.jpg', '/uploads/1739347963344-523621965.jpg', 0, 0),
(407, 97, '1739347963346-281007868.jpg', '/uploads/1739347963346-281007868.jpg', 0, 0),
(408, 97, '1739347963347-495103210.jpg', '/uploads/1739347963347-495103210.jpg', 0, 0),
(409, 97, '1739347963355-614959555.jpg', '/uploads/1739347963355-614959555.jpg', 1, 0),
(410, 97, '1739347963357-225682241.jpg', '/uploads/1739347963357-225682241.jpg', 0, 0),
(411, 97, '1739347963358-281902543.jpg', '/uploads/1739347963358-281902543.jpg', 0, 0),
(412, 97, '1739347963359-744807936.jpg', '/uploads/1739347963359-744807936.jpg', 0, 0),
(413, 98, '1739347972050-981740124.jpg', '/uploads/1739347972050-981740124.jpg', 0, 0),
(414, 98, '1739347972053-150595592.jpg', '/uploads/1739347972053-150595592.jpg', 0, 0),
(415, 98, '1739347972055-54172851.jpg', '/uploads/1739347972055-54172851.jpg', 0, 0),
(416, 98, '1739347972057-603427373.jpg', '/uploads/1739347972057-603427373.jpg', 1, 0),
(417, 98, '1739347972058-727148792.jpg', '/uploads/1739347972058-727148792.jpg', 0, 0);


--
-- 傾印資料表的資料 `rent_category_small`
--

INSERT INTO `rent_category_small` (`id`, `name`, `description`, `rent_category_big_id`) VALUES
(1, '自由潛水面鏡', '', 1),
(2, '休閒潛水面鏡', '', 1),
(3, '度數鏡片面鏡', '', 1),
(4, '呼吸管', '', 1),
(5, '防霧劑/清潔劑', '', 1),
(6, '面鏡帶/面鏡盒/扣具', '', 1),
(7, '碳纖維長板', '', 2),
(8, '碳纖維短板', '', 2),
(9, '玻璃纖維長板', NULL, 2),
(10, '玻璃纖維短板', NULL, 2),
(11, '腳套', NULL, 2),
(12, '橡膠蛙鞋', NULL, 2),
(13, '塑膠蛙鞋', NULL, 2),
(14, '單蹼', NULL, 2),
(15, '導水條/螺絲零件', NULL, 2),
(16, '挖鞋組裝服務', NULL, 2),
(17, '浮具', NULL, 3),
(18, '配重', NULL, 3),
(19, '鼻夾', NULL, 3),
(20, '照明', NULL, 3),
(21, '潛水刀', NULL, 3),
(22, '安全繩', NULL, 3),
(23, '其他/訓練小物', NULL, 3),
(24, '潛水電腦錶', NULL, 4),
(25, 'GOPRO', NULL, 4),
(26, '水中推進器', NULL, 4),
(27, '配件/其他', NULL, 4),
(28, '泳衣款防寒衣', NULL, 5),
(29, '自潛一件式防寒衣', NULL, 5),
(30, '自潛兩件式防寒衣', NULL, 5),
(31, '迷彩系列防寒衣', NULL, 5),
(32, '水肺溼式防寒衣', NULL, 5),
(33, '水肺乾式防寒衣', NULL, 5),
(34, '帽類/頭套', NULL, 5),
(35, '外套/毛巾衣', NULL, 5),
(36, '上衣', NULL, 5),
(37, '手套', NULL, 5),
(38, '下著', NULL, 5),
(39, '襪套', NULL, 5),
(40, '套鞋', NULL, 5),
(41, '零件/其他', NULL, 5),
(42, '長蛙鞋袋', NULL, 6),
(43, '短蛙鞋袋', NULL, 6),
(44, '單蹼蛙鞋袋', NULL, 6),
(45, '後背包', NULL, 6),
(46, '單肩包', NULL, 6),
(47, '腰包/防水機能袋', NULL, 6),
(48, '裝備袋/箱', NULL, 6),
(49, '配件/其他6', NULL, 6),
(50, '魚槍', NULL, 7),
(51, '魚鏢', NULL, 7),
(52, '橡皮', NULL, 7),
(53, '線繩', NULL, 7),
(54, '捲線器', NULL, 7),
(55, '其他', NULL, 7),
(56, '生活相關', NULL, 8),
(57, '戶外生活', NULL, 8),
(58, '休閒服飾', NULL, 8),
(59, '優惠票券', NULL, 8),
(60, '相關書籍', NULL, 8),
(61, '防水盒/口罩', NULL, 8),
(62, '飾品', NULL, 8),
(63, '貼紙', NULL, 8);

--
-- 傾印資料表的資料 `rent_category_big`
--

INSERT INTO `rent_category_big` (`id`, `name`, `description`) VALUES
(1, '面鏡/呼吸管', ''),
(2, '蛙鞋', ''),
(3, '潛水配件', ''),
(4, '電子裝備/專業配件', ''),
(5, '防寒衣物', ''),
(6, '包包攜行', ''),
(7, '魚槍/配件', ''),
(8, '生活小物', '');

--
-- 傾印資料表的資料 `rent_specification`
--

INSERT INTO `rent_specification` (`id`, `rent_item_id`, `brand_id`, `color_id`, `size_id`, `thickness_id`, `material_id`, `is_deleted`) VALUES
(1, 2, 0, 1, NULL, NULL, NULL, 0),
(2, 2, 0, 2, NULL, NULL, NULL, 0),
(3, 2, 0, 3, NULL, NULL, NULL, 0),
(4, 4, 0, 2, NULL, NULL, NULL, 0),
(5, 4, 0, 4, NULL, NULL, NULL, 0),
(6, 4, 0, 5, NULL, NULL, NULL, 0),
(7, 4, 0, 6, NULL, NULL, NULL, 0),
(8, 4, 0, 7, NULL, NULL, NULL, 0),
(9, 4, 0, 8, NULL, NULL, NULL, 0),
(10, 4, 0, 9, NULL, NULL, NULL, 0),
(11, 5, 0, 10, NULL, NULL, NULL, 0),
(12, 5, 0, 11, NULL, NULL, NULL, 0),
(13, 5, 0, 12, NULL, NULL, NULL, 0),
(14, 5, 0, 13, NULL, NULL, NULL, 0),
(15, 5, 0, 14, NULL, NULL, NULL, 0),
(16, 5, 0, 15, NULL, NULL, NULL, 0),
(17, 5, 0, 16, NULL, NULL, NULL, 0),
(18, 5, 0, 17, NULL, NULL, NULL, 0),
(19, 5, 0, 18, NULL, NULL, NULL, 0),
(20, 5, 0, 19, NULL, NULL, NULL, 0),
(21, 5, 0, 20, NULL, NULL, NULL, 0),
(22, 5, 0, 21, NULL, NULL, NULL, 0),
(23, 5, 0, 22, NULL, NULL, NULL, 0),
(24, 5, 0, 23, NULL, NULL, NULL, 0),
(25, 5, 0, 24, NULL, NULL, NULL, 0),
(26, 6, 0, 11, NULL, NULL, NULL, 0),
(27, 6, 0, 25, NULL, NULL, NULL, 0),
(28, 6, 0, 26, NULL, NULL, NULL, 0),
(29, 7, 0, 4, NULL, NULL, NULL, 0),
(30, 7, 0, 11, NULL, NULL, NULL, 0),
(31, 7, 0, 13, NULL, NULL, NULL, 0),
(32, 7, 0, 27, NULL, NULL, NULL, 0),
(33, 7, 0, 28, NULL, NULL, NULL, 0),
(34, 9, 0, 4, NULL, NULL, NULL, 0),
(35, 9, 0, 13, NULL, NULL, NULL, 0),
(36, 9, 0, 29, NULL, NULL, NULL, 0),
(37, 9, 0, 30, NULL, NULL, NULL, 0),
(38, 9, 0, 31, NULL, NULL, NULL, 0),
(39, 11, 0, 11, NULL, NULL, NULL, 0),
(40, 11, 0, 19, NULL, NULL, NULL, 0),
(41, 11, 0, 32, NULL, NULL, NULL, 0),
(42, 11, 0, 33, NULL, NULL, NULL, 0),
(43, 12, 0, 34, NULL, NULL, NULL, 0),
(44, 12, 0, 35, NULL, NULL, NULL, 0),
(45, 12, 0, 36, NULL, NULL, NULL, 0),
(46, 12, 0, 37, NULL, NULL, NULL, 0),
(47, 12, 0, 38, NULL, NULL, NULL, 0),
(48, 13, 0, 3, NULL, NULL, NULL, 0),
(49, 13, 0, 11, NULL, NULL, NULL, 0),
(50, 19, 0, 11, NULL, NULL, NULL, 0),
(51, 19, 0, 39, NULL, NULL, NULL, 0),
(52, 20, 0, 11, NULL, NULL, NULL, 0),
(53, 20, 0, 40, NULL, NULL, NULL, 0),
(54, 20, 0, 41, NULL, NULL, NULL, 0),
(55, 20, 0, 42, NULL, NULL, NULL, 0),
(56, 20, 0, 43, NULL, NULL, NULL, 0),
(57, 23, 0, 44, NULL, NULL, NULL, 0),
(58, 23, 0, 45, NULL, NULL, NULL, 0),
(59, 23, 0, 46, NULL, NULL, NULL, 0),
(60, 23, 0, 47, NULL, NULL, NULL, 0),
(61, 24, 0, 48, NULL, NULL, NULL, 0),
(62, 24, 0, 49, NULL, NULL, NULL, 0),
(63, 24, 0, 50, NULL, NULL, NULL, 0),
(64, 24, 0, 51, NULL, NULL, NULL, 0),
(65, 24, 0, 52, NULL, NULL, NULL, 0),
(66, 24, 0, 53, NULL, NULL, NULL, 0),
(67, 25, 0, 54, NULL, NULL, NULL, 0),
(68, 25, 0, 55, NULL, NULL, NULL, 0),
(69, 26, 0, 11, NULL, NULL, NULL, 0),
(70, 26, 0, 56, NULL, NULL, NULL, 0),
(71, 29, 0, 57, NULL, NULL, NULL, 0),
(72, 29, 0, 58, NULL, NULL, NULL, 0),
(73, 30, 0, 11, NULL, NULL, NULL, 0),
(74, 30, 0, 13, NULL, NULL, NULL, 0),
(75, 35, 0, 11, NULL, NULL, NULL, 0),
(76, 35, 0, 59, NULL, NULL, NULL, 0),
(77, 35, 0, 60, NULL, NULL, NULL, 0),
(78, 35, 0, 61, NULL, NULL, NULL, 0),
(79, 35, 0, 62, NULL, NULL, NULL, 0),
(80, 35, 0, 63, NULL, NULL, NULL, 0),
(81, 35, 0, 64, NULL, NULL, NULL, 0),
(82, 35, 0, 65, NULL, NULL, NULL, 0),
(83, 35, 0, 66, NULL, NULL, NULL, 0),
(84, 35, 0, 67, NULL, NULL, NULL, 0),
(85, 35, 0, 68, NULL, NULL, NULL, 0),
(86, 35, 0, 69, NULL, NULL, NULL, 0),
(87, 35, 0, 70, NULL, NULL, NULL, 0),
(88, 35, 0, 71, NULL, NULL, NULL, 0),
(89, 35, 0, 72, NULL, NULL, NULL, 0),
(90, 35, 0, 73, NULL, NULL, NULL, 0),
(91, 35, 0, 74, NULL, NULL, NULL, 0),
(92, 35, 0, 75, NULL, NULL, NULL, 0),
(93, 35, 0, 76, NULL, NULL, NULL, 0),
(94, 35, 0, 77, NULL, NULL, NULL, 0),
(95, 43, 0, 2, NULL, NULL, NULL, 0),
(96, 43, 0, 4, NULL, NULL, NULL, 0),
(97, 43, 0, 5, NULL, NULL, NULL, 0),
(98, 43, 0, 6, NULL, NULL, NULL, 0),
(99, 43, 0, 7, NULL, NULL, NULL, 0),
(100, 43, 0, 8, NULL, NULL, NULL, 0),
(101, 43, 0, 9, NULL, NULL, NULL, 0),
(102, 44, 0, 11, NULL, NULL, NULL, 0),
(103, 44, 0, 19, NULL, NULL, NULL, 0),
(104, 44, 0, 32, NULL, NULL, NULL, 0),
(105, 44, 0, 33, NULL, NULL, NULL, 0),
(106, 45, 0, 34, NULL, NULL, NULL, 0),
(107, 45, 0, 35, NULL, NULL, NULL, 0),
(108, 45, 0, 36, NULL, NULL, NULL, 0),
(109, 45, 0, 37, NULL, NULL, NULL, 0),
(110, 45, 0, 38, NULL, NULL, NULL, 0),
(111, 45, 0, 44, NULL, NULL, NULL, 0),
(112, 45, 0, 45, NULL, NULL, NULL, 0),
(113, 45, 0, 46, NULL, NULL, NULL, 0),
(114, 45, 0, 47, NULL, NULL, NULL, 0),
(115, 49, 0, 11, NULL, NULL, NULL, 0),
(116, 49, 0, 59, NULL, NULL, NULL, 0),
(117, 49, 0, 60, NULL, NULL, NULL, 0),
(118, 49, 0, 61, NULL, NULL, NULL, 0),
(119, 49, 0, 62, NULL, NULL, NULL, 0),
(120, 49, 0, 63, NULL, NULL, NULL, 0),
(121, 49, 0, 64, NULL, NULL, NULL, 0),
(122, 49, 0, 65, NULL, NULL, NULL, 0),
(123, 49, 0, 66, NULL, NULL, NULL, 0),
(124, 49, 0, 67, NULL, NULL, NULL, 0),
(125, 49, 0, 68, NULL, NULL, NULL, 0),
(126, 49, 0, 69, NULL, NULL, NULL, 0),
(127, 49, 0, 70, NULL, NULL, NULL, 0),
(128, 49, 0, 71, NULL, NULL, NULL, 0),
(129, 49, 0, 72, NULL, NULL, NULL, 0),
(130, 49, 0, 73, NULL, NULL, NULL, 0),
(131, 49, 0, 74, NULL, NULL, NULL, 0),
(132, 49, 0, 75, NULL, NULL, NULL, 0),
(133, 49, 0, 76, NULL, NULL, NULL, 0),
(134, 49, 0, 77, NULL, NULL, NULL, 0),
(135, 53, 0, 10, NULL, NULL, NULL, 0),
(136, 53, 0, 11, NULL, NULL, NULL, 0),
(137, 53, 0, 12, NULL, NULL, NULL, 0),
(138, 53, 0, 13, NULL, NULL, NULL, 0),
(139, 53, 0, 14, NULL, NULL, NULL, 0),
(140, 53, 0, 15, NULL, NULL, NULL, 0),
(141, 53, 0, 16, NULL, NULL, NULL, 0),
(142, 53, 0, 17, NULL, NULL, NULL, 0),
(143, 53, 0, 18, NULL, NULL, NULL, 0),
(144, 53, 0, 19, NULL, NULL, NULL, 0),
(145, 53, 0, 20, NULL, NULL, NULL, 0),
(146, 53, 0, 21, NULL, NULL, NULL, 0),
(147, 53, 0, 22, NULL, NULL, NULL, 0),
(148, 53, 0, 23, NULL, NULL, NULL, 0),
(149, 53, 0, 24, NULL, NULL, NULL, 0),
(150, 55, 0, 4, NULL, NULL, NULL, 0),
(151, 55, 0, 4, NULL, NULL, NULL, 0),
(152, 55, 0, 11, NULL, NULL, NULL, 0),
(153, 55, 0, 13, NULL, NULL, NULL, 0),
(154, 55, 0, 29, NULL, NULL, NULL, 0),
(155, 55, 0, 27, NULL, NULL, NULL, 0),
(156, 55, 0, 30, NULL, NULL, NULL, 0),
(157, 55, 0, 78, NULL, NULL, NULL, 0),
(158, 55, 0, 79, NULL, NULL, NULL, 0),
(159, 57, 0, 80, NULL, NULL, NULL, 0),
(160, 57, 0, 81, NULL, NULL, NULL, 0),
(161, 57, 0, 82, NULL, NULL, NULL, 0),
(162, 58, 0, 44, NULL, NULL, NULL, 0),
(163, 58, 0, 83, NULL, NULL, NULL, 0),
(164, 58, 0, 84, NULL, NULL, NULL, 0),
(165, 59, 0, 83, NULL, NULL, NULL, 0),
(166, 59, 0, 84, NULL, NULL, NULL, 0),
(167, 59, 0, 85, NULL, NULL, NULL, 0),
(168, 60, 0, 11, NULL, NULL, NULL, 0),
(169, 60, 0, 75, NULL, NULL, NULL, 0),
(170, 61, 0, 11, NULL, NULL, NULL, 0),
(171, 61, 0, 33, NULL, NULL, NULL, 0),
(172, 63, 0, 57, NULL, NULL, NULL, 0),
(173, 63, 0, 58, NULL, NULL, NULL, 0),
(174, 64, 0, 11, NULL, NULL, NULL, 0),
(175, 64, 0, 13, NULL, NULL, NULL, 0),
(176, 65, 0, 44, NULL, NULL, NULL, 0),
(177, 65, 0, 83, NULL, NULL, NULL, 0),
(178, 65, 0, 84, NULL, NULL, NULL, 0);

--
-- 傾印資料表的資料 `color`
--

INSERT INTO `color` (`id`, `name`, `rgb`) VALUES
(1, '碳黑', '#252621'),
(2, '海軍藍', '#1F2343'),
(3, '透明白', '#EDF0EF'),
(4, '銀色', '#D4D3CD'),
(5, '粉紅', '#F388B5'),
(6, '青色', '#3FC3F0'),
(7, '霧黑', '#41423F'),
(8, '檸檬黃', '#CAD929'),
(9, '紫色', '#9B5A9B'),
(10, '深藍', '#3E5989'),
(11, '黑色', '#000000'),
(12, '冰藍', '#73C8B9'),
(13, '白色', '#E9E5E2'),
(14, '亮藍', '#3B41E1'),
(15, '紅色', '#FC1621'),
(16, '桃紅', '#FD5AB3'),
(17, '鈦灰', '#685E5B'),
(18, '環礁藍', '#016777'),
(19, '黃色', '#D9C43B'),
(20, '深紫', '#5C327D'),
(21, '珊瑚', '#DB7268'),
(22, '春天藍', '#4A758F'),
(23, '杏仁綠', '#D3E6D6'),
(24, '淡藍', '#CADCEB'),
(25, '碳纖紋', '#9D9D9D'),
(26, '蛇紋迷彩', '#BDB5A1'),
(27, '迷彩', '#978978'),
(28, '海藍迷彩', '#2F5A92'),
(29, '磚紅', '#9E2D1F'),
(30, '晨曦金', '#D3CB9C'),
(31, '海盜黑', '#4C4C4C'),
(32, '全黑矽膠', '#0A1312'),
(33, '藍色', '#02248D'),
(34, '專業黑', '#040608'),
(35, '霸氣金', '#F5B037'),
(36, '蘋果綠', '#30ABB8'),
(37, '亮桃紅', '#E272AF'),
(38, '冷光銀', '#C7C7C8'),
(39, '透明藍', '#1B2AFD'),
(40, '透明/白框', '#FEFFFC'),
(41, '透明/黑框', '#030303'),
(42, '透明/粉框', '#F86289'),
(43, '透明/藍框', '#03B8E6'),
(44, '黑月迷彩', '#272727'),
(45, '灰棕迷彩', '#89766D'),
(46, '綠迷彩', '#278960'),
(47, '潮綠迷彩', '#255248'),
(48, '黑框/灰', '#8A8E91'),
(49, '黑框/紅', '#D62725'),
(50, '橘框/綠', '#E4541F'),
(51, '米框/咖', '#564232'),
(52, '黃框/黑', '#2E3130'),
(53, '紅框/黑', '#353535'),
(54, '石灰白', '#E7E7E7'),
(55, '起司黃', '#FFE720'),
(56, '棕色', '#41342D'),
(57, '霧黑', '#090C0B'),
(58, '霧白', '#F6F6F6'),
(59, '靛藍', '#2D5081'),
(60, '青框黑', '#01BED5'),
(61, '暗紅框黑', '#C02656'),
(62, '亮黃框黑', '#F8F7A0'),
(63, '白框黑', '#ECEAE9'),
(64, '水藍框透明', '#00ACC0'),
(65, '黃框透明', '#F3E80F'),
(66, '藍框透明', '#86AFE5'),
(67, '寶藍框透明', '#364299'),
(68, '桃紅框透明', '#A21C51'),
(69, '紅框黑', '#FF7EA9'),
(70, '綠框黑', '#A3F4BD'),
(71, '橘框透明', '#FFC488'),
(72, '橘框黑', '#F87B51'),
(73, '藍框黑', '#003372'),
(74, '黑框透明', '#4D4F4E'),
(75, '全透明', '#DBDBDB'),
(76, '白框透明', '#EEEFEB'),
(77, '白框白', '#E4E3E6'),
(78, '火石紅', '#933821'),
(79, '海洋迷彩', '#1B5D9E'),
(80, '黑灰', '#87868A'),
(81, '黑紅', '#483F40'),
(82, '黑黃', '#AFAB59'),
(83, '岩石迷彩', '#AC7858'),
(84, '海草迷彩', '#444916'),
(85, '珊瑚迷彩', '#5A2F26');

--
-- 已傾印資料表的索引
--

--
-- 資料表索引 `rent_item`
--
ALTER TABLE `rent_item`
  ADD PRIMARY KEY (`id`);

--
-- 資料表索引 `rent_image`
--
ALTER TABLE `rent_image`
  ADD PRIMARY KEY (`id`);

--
-- 資料表索引 `rent_category_small`
--
ALTER TABLE `rent_category_small`
  ADD PRIMARY KEY (`id`);

--
-- 資料表索引 `rent_category_big`
--
ALTER TABLE `rent_category_big`
  ADD PRIMARY KEY (`id`);

--
-- 資料表索引 `rent_specification`
--
ALTER TABLE `rent_specification`
  ADD PRIMARY KEY (`id`);

--
-- 資料表索引 `color`
--
ALTER TABLE `color`
  ADD PRIMARY KEY (`id`);

--
-- 資料表索引 `rent_order`
--
ALTER TABLE `rent_order`
  ADD PRIMARY KEY (`id`);

--
-- 資料表索引 `rent_order_detail`
--
ALTER TABLE `rent_order_detail`
  ADD PRIMARY KEY (`id`);


--
-- 在傾印的資料表使用自動遞增(AUTO_INCREMENT)
--

--
-- 使用資料表自動遞增(AUTO_INCREMENT) `rent_item`
--
ALTER TABLE `rent_item`
  MODIFY `id` int(10) UNSIGNED NOT NULL AUTO_INCREMENT, AUTO_INCREMENT=99;
COMMIT;

--
-- 使用資料表自動遞增(AUTO_INCREMENT) `rent_image`
--
ALTER TABLE `rent_image`
  MODIFY `id` int(10) UNSIGNED NOT NULL AUTO_INCREMENT, AUTO_INCREMENT=418;
COMMIT;

--
-- 使用資料表自動遞增(AUTO_INCREMENT) `rent_category_small`
--
ALTER TABLE `rent_category_small`
  MODIFY `id` int(10) UNSIGNED NOT NULL AUTO_INCREMENT, AUTO_INCREMENT=64;
COMMIT;

--
-- 使用資料表自動遞增(AUTO_INCREMENT) `rent_category_big`
--
ALTER TABLE `rent_category_big`
  MODIFY `id` int(10) NOT NULL AUTO_INCREMENT, AUTO_INCREMENT=9;
COMMIT;

--
-- 使用資料表自動遞增(AUTO_INCREMENT) `rent_specification`
--
ALTER TABLE `rent_specification`
  MODIFY `id` int(11) NOT NULL AUTO_INCREMENT, AUTO_INCREMENT=179;
COMMIT;

--
-- 使用資料表自動遞增(AUTO_INCREMENT) `color`
--
ALTER TABLE `color`
  MODIFY `id` int(10) UNSIGNED NOT NULL AUTO_INCREMENT, AUTO_INCREMENT=86;
COMMIT;
--
-- 使用資料表自動遞增(AUTO_INCREMENT) `rent_order`
--
ALTER TABLE `rent_order`
  MODIFY `id` int(11) NOT NULL AUTO_INCREMENT;
COMMIT;

--
-- 使用資料表自動遞增(AUTO_INCREMENT) `rent_order_detail`
--
ALTER TABLE `rent_order_detail`
  MODIFY `id` int(11) NOT NULL AUTO_INCREMENT;
COMMIT;



/*!40101 SET CHARACTER_SET_CLIENT=@OLD_CHARACTER_SET_CLIENT */;
/*!40101 SET CHARACTER_SET_RESULTS=@OLD_CHARACTER_SET_RESULTS */;
/*!40101 SET COLLATION_CONNECTION=@OLD_COLLATION_CONNECTION */;
